date,portfolio_value
2020-01-02,99448.0
2020-01-03,99232.07332611084
2020-01-04,99232.07332611084
2020-01-05,99232.07332611084
2020-01-06,99232.07332611084
2020-01-07,99285.76596832275
2020-01-08,99473.39010620117
2020-01-09,99436.17835998535
2020-01-10,99667.99468231201
2020-01-11,99667.99468231201
2020-01-12,99667.99468231201
2020-01-13,99791.10485076904
2020-01-14,99920.48431396484
2020-01-15,100035.28281402588
2020-01-16,100243.50621032715
2020-01-17,100476.68608856201
2020-01-18,100476.68608856201
2020-01-19,100476.68608856201
2020-01-20,100403.13219451904
2020-01-21,100308.6342163086
2020-01-22,100264.83628082275
2020-01-23,99868.54858398438
2020-01-24,100300.66580200195
2020-01-25,100300.66580200195
2020-01-26,100300.66580200195
2020-01-27,99714.06579589844
2020-01-28,99792.78032684326
2020-01-29,99904.80353546143
2020-01-30,99608.06128692627
2020-01-31,99274.12141418457
2020-02-01,99274.12141418457
2020-02-02,99274.12141418457
2020-02-03,99154.61488342285
2020-02-04,99717.60548400879
2020-02-05,100123.51439666748
2020-02-06,99874.86595916748
2020-02-07,99686.51665496826
2020-02-08,99686.51665496826
2020-02-09,99686.51665496826
2020-02-10,99976.82242584229
2020-02-11,100409.25527954102
2020-02-12,100883.75145721436
2020-02-13,100856.84857940674
2020-02-14,100867.20500183105
2020-02-15,100867.20500183105
2020-02-16,100867.20500183105
2020-02-17,101130.47723388672
2020-02-18,101127.0364074707
2020-02-19,101528.76725769043
2020-02-20,101527.47121429443
2020-02-21,101382.57119750977
2020-02-22,101382.57119750977
2020-02-23,101382.57119750977
2020-02-24,100250.0358581543
2020-02-25,99850.46552276611
2020-02-26,99925.41077423096
2020-02-27,98785.68773651123
2020-02-28,97955.85079193115
2020-02-29,97955.85079193115
2020-03-01,97955.85079193115
2020-03-02,98173.13330841064
2020-03-03,98539.50915527344
2020-03-04,98695.87422943115
2020-03-05,98492.79076385498
2020-03-06,97856.3783493042
2020-03-07,97856.3783493042
2020-03-08,97856.3783493042
2020-03-09,96831.87104034424
2020-03-10,96698.51327514648
2020-03-11,96392.07447814941
2020-03-12,94187.42391967773
2020-03-13,94450.49591827393
2020-03-14,94450.49591827393
2020-03-15,94450.49591827393
2020-03-16,93921.47792053223
2020-03-17,94405.50512695312
2020-03-18,93476.3666229248
2020-03-19,93865.50060653687
2020-03-20,94406.49897766113
2020-03-21,94406.49897766113
2020-03-22,94406.49897766113
2020-03-23,93216.45352172852
2020-03-24,94179.47912597656
2020-03-25,94572.57904052734
2020-03-26,95046.47230529785
2020-03-27,94344.35050201416
2020-03-28,94344.35050201416
2020-03-29,94344.35050201416
2020-03-30,95049.43339538574
2020-03-31,95471.06019592285
2020-04-01,94830.09915161133
2020-04-02,94780.53424835205
2020-04-03,94725.5830078125
2020-04-04,94725.5830078125
2020-04-05,94725.5830078125
2020-04-06,95605.77376556396
2020-04-07,96387.00099182129
2020-04-08,96376.1527709961
2020-04-09,96759.39971923828
2020-04-10,96759.39971923828
2020-04-11,96759.39971923828
2020-04-12,96759.39971923828
2020-04-13,96759.39971923828
2020-04-14,97756.07025909424
2020-04-15,97246.12017059326
2020-04-16,97349.32611846924
2020-04-17,98062.54132080078
2020-04-18,98062.54132080078
2020-04-19,98062.54132080078
2020-04-20,98191.88214874268
2020-04-21,97900.85189819336
2020-04-22,98180.45288085938
2020-04-23,98340.07120513916
2020-04-24,98069.23635101318
2020-04-25,98069.23635101318
2020-04-26,98069.23635101318
2020-04-27,98657.43238067627
2020-04-28,98897.63720703125
2020-04-29,98829.69082641602
2020-04-30,98660.07306671143
2020-05-01,98660.07306671143
2020-05-02,98660.07306671143
2020-05-03,98660.07306671143
2020-05-04,98061.89504241943
2020-05-05,98389.09031677246
2020-05-06,98409.26818084717
2020-05-07,98729.41920471191
2020-05-08,99304.75858306885
2020-05-09,99304.75858306885
2020-05-10,99304.75858306885
2020-05-11,99466.93228149414
2020-05-12,99419.15563201904
2020-05-13,99149.97368621826
2020-05-14,98316.79913330078
2020-05-15,98638.36597442627
2020-05-16,98638.36597442627
2020-05-17,98638.36597442627
2020-05-18,99696.5283126831
2020-05-19,99853.32689666748
2020-05-20,99906.37417602539
2020-05-21,99906.37417602539
2020-05-22,100059.76177215576
2020-05-23,100059.76177215576
2020-05-24,100059.76177215576
2020-05-25,100638.0489654541
2020-05-26,100769.12209320068
2020-05-27,100275.2119064331
2020-05-28,100844.21176147461
2020-05-29,100598.788230896
2020-05-30,100598.788230896
2020-05-31,100598.788230896
2020-06-01,100903.22718048096
2020-06-02,101160.6951751709
2020-06-03,101693.31539916992
2020-06-04,101378.1367111206
2020-06-05,101514.96897888184
2020-06-06,101514.96897888184
2020-06-07,101514.96897888184
2020-06-08,101368.02278137207
2020-06-09,100953.52842712402
2020-06-10,101070.02021026611
2020-06-11,100060.76750946045
2020-06-12,100001.12395477295
2020-06-13,100001.12395477295
2020-06-14,100001.12395477295
2020-06-15,100186.58664703369
2020-06-16,100906.12202453613
2020-06-17,100935.99611663818
2020-06-18,101122.59758758545
2020-06-19,101122.59758758545
2020-06-20,101122.59758758545
2020-06-21,101122.59758758545
2020-06-22,101195.39999389648
2020-06-23,101620.01529693604
2020-06-24,100765.13829040527
2020-06-25,100685.95761108398
2020-06-26,100892.55098724365
2020-06-27,100892.55098724365
2020-06-28,100892.55098724365
2020-06-29,100905.74797058105
2020-06-30,100920.3451538086
2020-07-01,101721.20128631592
2020-07-02,102310.93015289307
2020-07-03,102431.73944091797
2020-07-04,102431.73944091797
2020-07-05,102431.73944091797
2020-07-06,102935.76051330566
2020-07-07,103018.40994262695
2020-07-08,102791.10420227051
2020-07-09,102779.44148254395
2020-07-10,102808.38315582275
2020-07-11,102808.38315582275
2020-07-12,102808.38315582275
2020-07-13,103420.97450256348
2020-07-14,103157.52122497559
2020-07-15,103417.75579071045
2020-07-16,103282.10733032227
2020-07-17,103669.35822296143
2020-07-18,103669.35822296143
2020-07-19,103669.35822296143
2020-07-20,104316.6252822876
2020-07-21,103336.37824249268
2020-07-22,103559.56830596924
2020-07-23,103480.53647613525
2020-07-24,102635.01113128662
2020-07-25,102635.01113128662
2020-07-26,102635.01113128662
2020-07-27,102627.129737854
2020-07-28,102423.0898513794
2020-07-29,102637.43578338623
2020-07-30,102290.34348297119
2020-07-31,102042.57732391357
2020-08-01,102042.57732391357
2020-08-02,102042.57732391357
2020-08-03,102986.39600372314
2020-08-04,102711.42881011963
2020-08-05,102904.89171600342
2020-08-06,102744.64429473877
2020-08-07,102851.83672332764
2020-08-08,102851.83672332764
2020-08-09,102851.83672332764
2020-08-10,102535.67470550537
2020-08-11,102912.41297149658
2020-08-12,102842.84426116943
2020-08-13,102862.07804107666
2020-08-14,102411.57981109619
2020-08-15,102411.57981109619
2020-08-16,102411.57981109619
2020-08-17,103016.27603912354
2020-08-18,102684.27181243896
2020-08-19,102897.7293624878
2020-08-20,102827.90502166748
2020-08-21,103011.24506378174
2020-08-22,103011.24506378174
2020-08-23,103011.24506378174
2020-08-24,103343.30959320068
2020-08-25,103309.24335479736
2020-08-26,103580.00623321533
2020-08-27,103328.5311203003
2020-08-28,103249.89528656006
2020-08-29,103249.89528656006
2020-08-30,103249.89528656006
2020-08-31,103124.65882110596
2020-09-01,103238.69548797607
2020-09-02,103287.23383331299
2020-09-03,102572.29126739502
2020-09-04,102154.76538848877
2020-09-05,102154.76538848877
2020-09-06,102154.76538848877
2020-09-07,102768.33449554443
2020-09-08,102406.4014968872
2020-09-09,102693.04718780518
2020-09-10,102364.27458953857
2020-09-11,102574.94533538818
2020-09-12,102574.94533538818
2020-09-13,102574.94533538818
2020-09-14,102654.71047210693
2020-09-15,103091.12676239014
2020-09-16,103292.56429290771
2020-09-17,103385.94472503662
2020-09-18,103529.95037078857
2020-09-19,103529.95037078857
2020-09-20,103529.95037078857
2020-09-21,102605.71920013428
2020-09-22,102639.87120819092
2020-09-23,102762.27006530762
2020-09-24,102742.40076446533
2020-09-25,102819.2389755249
2020-09-26,102819.2389755249
2020-09-27,102819.2389755249
2020-09-28,103415.63132476807
2020-09-29,103498.62392425537
2020-09-30,103293.99962615967
2020-10-01,103443.12316131592
2020-10-02,103726.02053070068
2020-10-03,103726.02053070068
2020-10-04,103726.02053070068
2020-10-05,104121.98952484131
2020-10-06,103826.90355682373
2020-10-07,104176.89806365967
2020-10-08,104412.7632522583
2020-10-09,104959.95149993896
2020-10-10,104959.95149993896
2020-10-11,104959.95149993896
2020-10-12,105158.71183013916
2020-10-13,104657.9532699585
2020-10-14,104430.54344940186
2020-10-15,103880.4129562378
2020-10-16,104101.30522918701
2020-10-17,104101.30522918701
2020-10-18,104101.30522918701
2020-10-19,103997.87014770508
2020-10-20,104024.97080993652
2020-10-21,103711.06037139893
2020-10-22,103826.37491607666
2020-10-23,103486.717918396
2020-10-24,103486.717918396
2020-10-25,103486.717918396
2020-10-26,102715.5511932373
2020-10-27,102715.63814544678
2020-10-28,101939.33557891846
2020-10-29,101888.66248321533
2020-10-30,102086.30902862549
2020-10-31,102086.30902862549
2020-11-01,102086.30902862549
2020-11-02,102305.64624023438
2020-11-03,102630.58879852295
2020-11-04,103394.40410614014
2020-11-05,103746.71739959717
2020-11-06,103823.8384475708
2020-11-07,103823.8384475708
2020-11-08,103823.8384475708
2020-11-09,104241.28691864014
2020-11-10,103984.41661834717
2020-11-11,104445.2809677124
2020-11-12,104091.1827468872
2020-11-13,103958.63161468506
2020-11-14,103958.63161468506
2020-11-15,103958.63161468506
2020-11-16,104212.74527740479
2020-11-17,104209.2194442749
2020-11-18,104150.98538970947
2020-11-19,103852.3888168335
2020-11-20,104069.90222930908
2020-11-21,104069.90222930908
2020-11-22,104069.90222930908
2020-11-23,103964.32364654541
2020-11-24,103941.12168121338
2020-11-25,103831.18368530273
2020-11-26,103874.56548309326
2020-11-27,104394.77603912354
2020-11-28,104394.77603912354
2020-11-29,104394.77603912354
2020-11-30,104887.47580718994
2020-12-01,104726.59592437744
2020-12-02,104864.22792816162
2020-12-03,105032.8543624878
2020-12-04,104776.00038909912
2020-12-05,104776.00038909912
2020-12-06,104776.00038909912
2020-12-07,104667.97214508057
2020-12-08,105081.73885345459
2020-12-09,105294.33469390869
2020-12-10,105439.21988677979
2020-12-11,105572.81902313232
2020-12-12,105572.81902313232
2020-12-13,105572.81902313232
2020-12-14,105711.32762908936
2020-12-15,105624.70691680908
2020-12-16,105642.25370025635
2020-12-17,105594.5071182251
2020-12-18,105578.64568328857
2020-12-19,105578.64568328857
2020-12-20,105578.64568328857
2020-12-21,105075.40425872803
2020-12-22,105304.78076934814
2020-12-23,105577.5986404419
2020-12-24,105577.5986404419
2020-12-25,105577.5986404419
2020-12-26,105577.5986404419
2020-12-27,105577.5986404419
2020-12-28,106187.86891937256
2020-12-29,106236.47017669678
2020-12-30,106225.06061553955
2020-12-31,106225.06061553955
2021-01-01,106225.06061553955
2021-01-02,106225.06061553955
2021-01-03,106225.06061553955
2021-01-04,106333.53174591064
2021-01-05,106538.95473480225
2021-01-06,106538.95473480225
2021-01-07,106949.46114349365
2021-01-08,107088.39513397217
2021-01-09,107088.39513397217
2021-01-10,107088.39513397217
2021-01-11,107024.17194366455
2021-01-12,107268.45336151123
2021-01-13,107319.8786239624
2021-01-14,107613.24279022217
2021-01-15,107009.23113250732
2021-01-16,107009.23113250732
2021-01-17,107009.23113250732
2021-01-18,107275.9066696167
2021-01-19,107219.7293624878
2021-01-20,107527.6466140747
2021-01-21,107667.32158660889
2021-01-22,107485.43795013428
2021-01-23,107485.43795013428
2021-01-24,107485.43795013428
2021-01-25,107657.71758270264
2021-01-26,107446.85692596436
2021-01-27,106943.56832122803
2021-01-28,107012.2463760376
2021-01-29,106238.89507293701
2021-01-30,106238.89507293701
2021-01-31,106238.89507293701
2021-02-01,107068.57511138916
2021-02-02,107426.16733551025
2021-02-03,107974.65277862549
2021-02-04,107866.33814239502
2021-02-05,107838.61278533936
2021-02-06,107838.61278533936
2021-02-07,107838.61278533936
2021-02-08,108141.56340789795
2021-02-09,108046.48357391357
2021-02-10,108347.6148147583
2021-02-11,109003.69045257568
2021-02-12,109533.95220184326
2021-02-13,109533.95220184326
2021-02-14,109533.95220184326
2021-02-15,109865.2498550415
2021-02-16,109669.23830413818
2021-02-17,109505.63088226318
2021-02-18,109341.89672088623
2021-02-19,110097.09741973877
2021-02-20,110097.09741973877
2021-02-21,110097.09741973877
2021-02-22,110522.1082687378
2021-02-23,109886.5405960083
2021-02-24,109957.95203399658
2021-02-25,109899.69472503662
2021-02-26,109320.32462310791
2021-02-27,109320.32462310791
2021-02-28,109320.32462310791
2021-03-01,110196.9955368042
2021-03-02,110706.78231048584
2021-03-03,110670.57079315186
2021-03-04,110002.90003204346
2021-03-05,109374.97800445557
2021-03-06,109374.97800445557
2021-03-07,109374.97800445557
2021-03-08,110004.14325714111
2021-03-09,110825.38018035889
2021-03-10,110706.84719085693
2021-03-11,111600.11321258545
2021-03-12,111397.96652984619
2021-03-13,111397.96652984619
2021-03-14,111397.96652984619
2021-03-15,111512.33864593506
2021-03-16,112142.48217010498
2021-03-17,111864.53289031982
2021-03-18,112111.77828216553
2021-03-19,112447.3136062622
2021-03-20,112447.3136062622
2021-03-21,112447.3136062622
2021-03-22,112615.47928619385
2021-03-23,112807.14205169678
2021-03-24,112978.54138946533
2021-03-25,113031.7763748169
2021-03-26,113773.66933441162
2021-03-27,113773.66933441162
2021-03-28,113773.66933441162
2021-03-29,113165.40477752686
2021-03-30,113368.1912765503
2021-03-31,113509.55750274658
2021-04-01,113461.20760345459
2021-04-02,113461.20760345459
2021-04-03,113461.20760345459
2021-04-04,113461.20760345459
2021-04-05,113461.20760345459
2021-04-06,114274.07796478271
2021-04-07,114370.32089996338
2021-04-08,114718.6210861206
2021-04-09,114868.33414459229
2021-04-10,114868.33414459229
2021-04-11,114868.33414459229
2021-04-12,114754.39005279541
2021-04-13,115471.81983184814
2021-04-14,115286.29228973389
2021-04-15,115919.76494598389
2021-04-16,116149.81858062744
2021-04-17,116149.81858062744
2021-04-18,116149.81858062744
2021-04-19,116221.10628509521
2021-04-20,115501.0234451294
2021-04-21,115913.94072723389
2021-04-22,116040.03871917725
2021-04-23,116430.59999847412
2021-04-24,116430.59999847412
2021-04-25,116430.59999847412
2021-04-26,116680.66851043701
2021-04-27,118924.44898223877
2021-04-28,118307.62836456299
2021-04-29,118730.12648773193
2021-04-30,118740.05690765381
2021-05-01,118740.05690765381
2021-05-02,118740.05690765381
2021-05-03,118977.4508895874
2021-05-04,117592.08618927002
2021-05-05,119181.27388763428
2021-05-06,118222.30931854248
2021-05-07,118975.3907546997
2021-05-08,118975.3907546997
2021-05-09,118975.3907546997
2021-05-10,118691.21291351318
2021-05-11,115764.55493927002
2021-05-12,116645.42833709717
2021-05-13,116645.42833709717
2021-05-14,116811.6410446167
2021-05-15,116811.6410446167
2021-05-16,116811.6410446167
2021-05-17,116140.97515106201
2021-05-18,116730.8865890503
2021-05-19,115489.03775787354
2021-05-20,116804.82613372803
2021-05-21,116978.26499176025
2021-05-22,116978.26499176025
2021-05-23,116978.26499176025
2021-05-24,117629.83464813232
2021-05-25,117465.64777374268
2021-05-26,117641.52568817139
2021-05-27,118450.02100372314
2021-05-28,118337.3281173706
2021-05-29,118337.3281173706
2021-05-30,118337.3281173706
2021-05-31,118639.91681671143
2021-06-01,118904.79787445068
2021-06-02,118772.0104598999
2021-06-03,118583.21999359131
2021-06-04,118850.25188446045
2021-06-05,118850.25188446045
2021-06-06,118850.25188446045
2021-06-07,118873.547706604
2021-06-08,119119.86167144775
2021-06-09,119378.27075958252
2021-06-10,119063.57303619385
2021-06-11,119216.96259307861
2021-06-12,119216.96259307861
2021-06-13,119216.96259307861
2021-06-14,119454.25023651123
2021-06-15,118315.24997711182
2021-06-16,118324.296043396
2021-06-17,117541.02892303467
2021-06-18,117287.37827301025
2021-06-19,117287.37827301025
2021-06-20,117287.37827301025
2021-06-21,117444.6464767456
2021-06-22,117678.15082550049
2021-06-23,116948.40271759033
2021-06-24,117894.20136260986
2021-06-25,117894.20136260986
2021-06-26,117894.20136260986
2021-06-27,117894.20136260986
2021-06-28,116692.12837982178
2021-06-29,117186.73526763916
2021-06-30,116737.75351715088
2021-07-01,117197.31720733643
2021-07-02,118125.73168182373
2021-07-03,118125.73168182373
2021-07-04,118125.73168182373
2021-07-05,118198.66498565674
2021-07-06,118146.66812896729
2021-07-07,118701.17044830322
2021-07-08,117883.28722381592
2021-07-09,118577.0115890503
2021-07-10,118577.0115890503
2021-07-11,118577.0115890503
2021-07-12,118832.5545578003
2021-07-13,119003.96022796631
2021-07-14,118830.97925567627
2021-07-15,118555.31940460205
2021-07-16,118967.42945098877
2021-07-17,118967.42945098877
2021-07-18,118967.42945098877
2021-07-19,118309.36769866943
2021-07-20,118062.70882415771
2021-07-21,118685.89516448975
2021-07-22,119578.67002105713
2021-07-23,120665.21381378174
2021-07-24,120665.21381378174
2021-07-25,120665.21381378174
2021-07-26,121460.6467666626
2021-07-27,121253.35053253174
2021-07-28,121519.3935623169
2021-07-29,121254.94091033936
2021-07-30,120622.47653961182
2021-07-31,120622.47653961182
2021-08-01,120622.47653961182
2021-08-02,120785.86418914795
2021-08-03,119969.38454437256
2021-08-04,120087.34529876709
2021-08-05,119893.59836578369
2021-08-06,119561.0634689331
2021-08-07,119561.0634689331
2021-08-08,119561.0634689331
2021-08-09,119549.49613189697
2021-08-10,119969.95557403564
2021-08-11,119698.06763458252
2021-08-12,119593.1008682251
2021-08-13,120086.36797332764
2021-08-14,120086.36797332764
2021-08-15,120086.36797332764
2021-08-16,119659.4291305542
2021-08-17,119949.41486358643
2021-08-18,120225.3736038208
2021-08-19,119090.92925262451
2021-08-20,119448.39594268799
2021-08-21,119448.39594268799
2021-08-22,119448.39594268799
2021-08-23,119984.66060638428
2021-08-24,119958.76389312744
2021-08-25,120403.797996521
2021-08-26,120195.76236724854
2021-08-27,120110.32721710205
2021-08-28,120110.32721710205
2021-08-29,120110.32721710205
2021-08-30,119767.93363189697
2021-08-31,119218.07592010498
2021-09-01,119905.93811798096
2021-09-02,120737.35774993896
2021-09-03,120231.37001800537
2021-09-04,120231.37001800537
2021-09-05,120231.37001800537
2021-09-06,120623.1576461792
2021-09-07,120250.16967010498
2021-09-08,119845.42853546143
2021-09-09,119757.9088973999
2021-09-10,119710.03147125244
2021-09-11,119710.03147125244
2021-09-12,119710.03147125244
2021-09-13,118661.25801849365
2021-09-14,118884.94437408447
2021-09-15,118563.68881988525
2021-09-16,119429.28185272217
2021-09-17,119134.59055328369
2021-09-18,119134.59055328369
2021-09-19,119134.59055328369
2021-09-20,118219.91345977783
2021-09-21,118592.24228668213
2021-09-22,118864.696144104
2021-09-23,119718.40016937256
2021-09-24,118983.95838165283
2021-09-25,118983.95838165283
2021-09-26,118983.95838165283
2021-09-27,117686.97045135498
2021-09-28,116530.22029876709
2021-09-29,116755.6898727417
2021-09-30,116800.76416778564
2021-10-01,117167.81371307373
2021-10-02,117167.81371307373
2021-10-03,117167.81371307373
2021-10-04,116601.24440765381
2021-10-05,116640.53565216064
2021-10-06,115883.4132156372
2021-10-07,116419.3221359253
2021-10-08,115740.0666885376
2021-10-09,115740.0666885376
2021-10-10,115740.0666885376
2021-10-11,115422.23166656494
2021-10-12,116079.58631134033
2021-10-13,117072.45743560791
2021-10-14,117668.34294891357
2021-10-15,118303.69081878662
2021-10-16,118303.69081878662
2021-10-17,118303.69081878662
2021-10-18,118317.06502532959
2021-10-19,119317.8783493042
2021-10-20,119426.49976348877
2021-10-21,119311.58477020264
2021-10-22,119380.6734085083
2021-10-23,119380.6734085083
2021-10-24,119380.6734085083
2021-10-25,118808.87760162354
2021-10-26,119516.52588653564
2021-10-27,119257.94306182861
2021-10-28,118238.06032562256
2021-10-29,117919.90328216553
2021-10-30,117919.90328216553
2021-10-31,117919.90328216553
2021-11-01,118348.50873565674
2021-11-02,118457.20827484131
2021-11-03,118737.80428314209
2021-11-04,118893.05675506592
2021-11-05,118216.24153900146
2021-11-06,118216.24153900146
2021-11-07,118216.24153900146
2021-11-08,118389.75481414795
2021-11-09,118746.22499847412
2021-11-10,118749.96001434326
2021-11-11,119221.18947601318
2021-11-12,119597.68556976318
2021-11-13,119597.68556976318
2021-11-14,119597.68556976318
2021-11-15,120150.70845794678
2021-11-16,120402.03951263428
2021-11-17,119623.45540618896
2021-11-18,120097.32079315186
2021-11-19,120118.74181365967
2021-11-20,120118.74181365967
2021-11-21,120118.74181365967
2021-11-22,119161.89025115967
2021-11-23,117673.20830535889
2021-11-24,117322.1506729126
2021-11-25,115363.01236724854
2021-11-26,113668.99085235596
2021-11-27,113668.99085235596
2021-11-28,113668.99085235596
2021-11-29,114462.63814544678
2021-11-30,113360.29741668701
2021-12-01,114199.07195281982
2021-12-02,112808.71158599854
2021-12-03,113178.41432952881
2021-12-04,113178.41432952881
2021-12-05,113178.41432952881
2021-12-06,113789.00159454346
2021-12-07,115123.79346466064
2021-12-08,115909.84688568115
2021-12-09,116817.30863189697
2021-12-10,116717.12114715576
2021-12-11,116717.12114715576
2021-12-12,116717.12114715576
2021-12-13,116929.13613128662
2021-12-14,116208.81652069092
2021-12-15,116307.29817962646
2021-12-16,116749.0046005249
2021-12-17,117008.8281326294
2021-12-18,117008.8281326294
2021-12-19,117008.8281326294
2021-12-20,116716.41051483154
2021-12-21,117325.60028839111
2021-12-22,117577.88564300537
2021-12-23,118358.56580352783
2021-12-24,118358.56580352783
2021-12-25,118358.56580352783
2021-12-26,118358.56580352783
2021-12-27,119390.55501556396
2021-12-28,119361.46871185303
2021-12-29,119212.38014984131
2021-12-30,119723.29537200928
2021-12-31,119723.29537200928
2022-01-01,119723.29537200928
2022-01-02,119723.29537200928
2022-01-03,119710.67198944092
2022-01-04,119997.81142425537
2022-01-05,119903.80547332764
2022-01-06,119903.80547332764
2022-01-07,117993.52294158936
2022-01-08,117993.52294158936
2022-01-09,117993.52294158936
2022-01-10,116627.11069488525
2022-01-11,117254.86260223389
2022-01-12,117491.3903427124
2022-01-13,117803.5559463501
2022-01-14,117838.93389129639
2022-01-15,117838.93389129639
2022-01-16,117838.93389129639
2022-01-17,117920.57326507568
2022-01-18,117264.39220428467
2022-01-19,117463.83570098877
2022-01-20,118472.9903640747
2022-01-21,117532.38338470459
2022-01-22,117532.38338470459
2022-01-23,117532.38338470459
2022-01-24,115280.12464141846
2022-01-25,115264.81507110596
2022-01-26,116542.35269927979
2022-01-27,115271.33136749268
2022-01-28,115483.6629562378
2022-01-29,115483.6629562378
2022-01-30,115483.6629562378
2022-01-31,115695.66863250732
2022-02-01,116089.22113800049
2022-02-02,116711.35395050049
2022-02-03,115326.09099578857
2022-02-04,115105.24544525146
2022-02-05,115105.24544525146
2022-02-06,115105.24544525146
2022-02-07,115940.8980178833
2022-02-08,115740.0795211792
2022-02-09,115994.13828277588
2022-02-10,116427.32201385498
2022-02-11,115856.00136566162
2022-02-12,115856.00136566162
2022-02-13,115856.00136566162
2022-02-14,115203.85939788818
2022-02-15,115981.30820465088
2022-02-16,116047.35431671143
2022-02-17,115567.67331695557
2022-02-18,114756.41947174072
2022-02-19,114756.41947174072
2022-02-20,114756.41947174072
2022-02-21,113942.68799591064
2022-02-22,114328.53519439697
2022-02-23,114461.4197921753
2022-02-24,113696.72574615479
2022-02-25,115008.80205535889
2022-02-26,115008.80205535889
2022-02-27,115008.80205535889
2022-02-28,115892.45314788818
2022-03-01,115553.76042938232
2022-03-02,116207.98494720459
2022-03-03,115251.43366241455
2022-03-04,114015.22434234619
2022-03-05,114015.22434234619
2022-03-06,114015.22434234619
2022-03-07,113836.66611480713
2022-03-08,113291.89725494385
2022-03-09,114391.23390960693
2022-03-10,114242.12517547607
2022-03-11,115017.2618484497
2022-03-12,115017.2618484497
2022-03-13,115017.2618484497
2022-03-14,114777.69162750244
2022-03-15,114462.76044464111
2022-03-16,116248.66748809814
2022-03-17,116609.43402862549
2022-03-18,116978.63147735596
2022-03-19,116978.63147735596
2022-03-20,116978.63147735596
2022-03-21,117381.87073516846
2022-03-22,117195.39696502686
2022-03-23,116937.13134002686
2022-03-24,116414.79816436768
2022-03-25,116439.80756378174
2022-03-26,116439.80756378174
2022-03-27,116439.80756378174
2022-03-28,116137.94115447998
2022-03-29,116380.36652374268
2022-03-30,116286.75086212158
2022-03-31,115908.0232925415
2022-04-01,116524.30055999756
2022-04-02,116524.30055999756
2022-04-03,116524.30055999756
2022-04-04,117610.08519744873
2022-04-05,118298.9056930542
2022-04-06,117154.3398513794
2022-04-07,117209.91565704346
2022-04-08,116789.55838775635
2022-04-09,116789.55838775635
2022-04-10,116789.55838775635
2022-04-11,115631.55420684814
2022-04-12,115636.38687896729
2022-04-13,115739.60343170166
2022-04-14,115915.72679901123
2022-04-15,115915.72679901123
2022-04-16,115915.72679901123
2022-04-17,115915.72679901123
2022-04-18,115915.72679901123
2022-04-19,115532.86197662354
2022-04-20,115154.47757720947
2022-04-21,115206.1053237915
2022-04-22,114766.19408416748
2022-04-23,114766.19408416748
2022-04-24,114766.19408416748
2022-04-25,113920.45139312744
2022-04-26,113317.73069000244
2022-04-27,113543.04305267334
2022-04-28,114429.15204620361
2022-04-29,115341.92388153076
2022-04-30,115341.92388153076
2022-05-01,115341.92388153076
2022-05-02,114272.48767852783
2022-05-03,114924.7975692749
2022-05-04,114311.12638092041
2022-05-05,113480.57553863525
2022-05-06,113144.95412445068
2022-05-07,113144.95412445068
2022-05-08,113144.95412445068
2022-05-09,111186.2615890503
2022-05-10,111240.58248138428
2022-05-11,111295.73952484131
2022-05-12,111251.19753265381
2022-05-13,112749.43070220947
2022-05-14,112749.43070220947
2022-05-15,112749.43070220947
2022-05-16,112641.96103668213
2022-05-17,112970.11103057861
2022-05-18,112841.52616119385
2022-05-19,112561.50336456299
2022-05-20,112843.4697341919
2022-05-21,112843.4697341919
2022-05-22,112843.4697341919
2022-05-23,112968.76163482666
2022-05-24,112848.11910247803
2022-05-25,112094.24625396729
2022-05-26,112094.24625396729
2022-05-27,114164.86406707764
2022-05-28,114164.86406707764
2022-05-29,114164.86406707764
2022-05-30,114600.10343170166
2022-05-31,114160.72805023193
2022-06-01,113645.83521270752
2022-06-02,114385.62957000732
2022-06-03,114041.4178237915
2022-06-04,114041.4178237915
2022-06-05,114041.4178237915
2022-06-06,114041.4178237915
2022-06-07,114201.39771270752
2022-06-08,114090.16658782959
2022-06-09,113436.87343597412
2022-06-10,111873.8843460083
2022-06-11,111873.8843460083
2022-06-12,111873.8843460083
2022-06-13,111103.85144805908
2022-06-14,110397.02715301514
2022-06-15,111206.344871521
2022-06-16,110237.29717254639
2022-06-17,110027.2379989624
2022-06-18,110027.2379989624
2022-06-19,110027.2379989624
2022-06-20,110252.02472686768
2022-06-21,110348.94849395752
2022-06-22,110223.96286773682
2022-06-23,110141.12157440186
2022-06-24,110141.12157440186
2022-06-25,110141.12157440186
2022-06-26,110141.12157440186
2022-06-27,111147.44062042236
2022-06-28,110659.72708892822
2022-06-29,110687.20879364014
2022-06-30,110310.08051300049
2022-07-01,110186.83557891846
2022-07-02,110186.83557891846
2022-07-03,110186.83557891846
2022-07-04,110324.56394195557
2022-07-05,109949.78299713135
2022-07-06,110936.19933319092
2022-07-07,111458.00595855713
2022-07-08,111320.8095626831
2022-07-09,111320.8095626831
2022-07-10,111320.8095626831
2022-07-11,110645.42852020264
2022-07-12,111058.10070037842
2022-07-13,110145.16847991943
2022-07-14,109918.81517791748
2022-07-15,110365.29970550537
2022-07-16,110365.29970550537
2022-07-17,110365.29970550537
2022-07-18,111082.64624786377
2022-07-19,111316.16359710693
2022-07-20,111214.61888885498
2022-07-21,110720.79123687744
2022-07-22,111484.86029815674
2022-07-23,111484.86029815674
2022-07-24,111484.86029815674
2022-07-25,111464.65718841553
2022-07-26,111016.74259185791
2022-07-27,111621.01778411865
2022-07-28,112015.03681182861
2022-07-29,112907.22956085205
2022-07-30,112907.22956085205
2022-07-31,112907.22956085205
2022-08-01,112432.80506134033
2022-08-02,112071.40354156494
2022-08-03,112033.93810272217
2022-08-04,112361.06969451904
2022-08-05,111925.52669525146
2022-08-06,111925.52669525146
2022-08-07,111925.52669525146
2022-08-08,112407.29915618896
2022-08-09,111693.9061203003
2022-08-10,112486.57649993896
2022-08-11,112613.95478057861
2022-08-12,112689.51703643799
2022-08-13,112689.51703643799
2022-08-14,112689.51703643799
2022-08-15,112892.54265594482
2022-08-16,112933.21384429932
2022-08-17,112769.9634475708
2022-08-18,113084.12761688232
2022-08-19,112386.91538238525
2022-08-20,112386.91538238525
2022-08-21,112386.91538238525
2022-08-22,111900.15714263916
2022-08-23,111645.87183380127
2022-08-24,111501.00435638428
2022-08-25,111678.23041534424
2022-08-26,110897.21244049072
2022-08-27,110897.21244049072
2022-08-28,110897.21244049072
2022-08-29,110586.7363357544
2022-08-30,110223.0205001831
2022-08-31,109770.59348297119
2022-09-01,108691.01802825928
2022-09-02,109530.17513275146
2022-09-03,109530.17513275146
2022-09-04,109530.17513275146
2022-09-05,109383.07149505615
2022-09-06,109444.6088180542
2022-09-07,109730.22385406494
2022-09-08,110051.07900238037
2022-09-09,110521.94052886963
2022-09-10,110521.94052886963
2022-09-11,110521.94052886963
2022-09-12,111332.18439483643
2022-09-13,110457.27405548096
2022-09-14,109941.41231536865
2022-09-15,109788.50629425049
2022-09-16,109195.37941741943
2022-09-17,109195.37941741943
2022-09-18,109195.37941741943
2022-09-19,108814.63433074951
2022-09-20,108444.29737091064
2022-09-21,108542.7724533081
2022-09-22,107727.2587814331
2022-09-23,107372.23003387451
2022-09-24,107372.23003387451
2022-09-25,107372.23003387451
2022-09-26,107789.24703216553
2022-09-27,108500.76363372803
2022-09-28,108955.40073394775
2022-09-29,108364.2342453003
2022-09-30,108969.90256500244
2022-10-01,108969.90256500244
2022-10-02,108969.90256500244
2022-10-03,108840.2275314331
2022-10-04,110381.70551300049
2022-10-05,109882.69393157959
2022-10-06,109826.71591949463
2022-10-07,109005.95413970947
2022-10-08,109005.95413970947
2022-10-09,109005.95413970947
2022-10-10,108932.05670928955
2022-10-11,108850.34619903564
2022-10-12,108646.83669281006
2022-10-13,109239.1230392456
2022-10-14,109575.03885650635
2022-10-15,109575.03885650635
2022-10-16,109575.03885650635
2022-10-17,110267.61995697021
2022-10-18,110398.62462615967
2022-10-19,109873.38388824463
2022-10-20,109676.69231414795
2022-10-21,109643.65688323975
2022-10-22,109643.65688323975
2022-10-23,109643.65688323975
2022-10-24,110383.90749359131
2022-10-25,111197.2320022583
2022-10-26,112035.02729034424
2022-10-27,112016.21059417725
2022-10-28,111851.96150970459
2022-10-29,111851.96150970459
2022-10-30,111851.96150970459
2022-10-31,111740.5439529419
2022-11-01,111873.53810882568
2022-11-02,111881.17334747314
2022-11-03,111390.0537033081
2022-11-04,112028.93221282959
2022-11-05,112028.93221282959
2022-11-06,112028.93221282959
2022-11-07,112261.76839447021
2022-11-08,112692.85822296143
2022-11-09,112601.93756866455
2022-11-10,114130.03075408936
2022-11-11,114239.13195037842
2022-11-12,114239.13195037842
2022-11-13,114239.13195037842
2022-11-14,114125.49529266357
2022-11-15,114032.19286346436
2022-11-16,113543.97878265381
2022-11-17,113377.75634002686
2022-11-18,113800.2748336792
2022-11-19,113800.2748336792
2022-11-20,113800.2748336792
2022-11-21,113724.32894134521
2022-11-22,114113.2073135376
2022-11-23,114277.22844696045
2022-11-24,114196.02661895752
2022-11-25,114325.88370513916
2022-11-26,114325.88370513916
2022-11-27,114325.88370513916
2022-11-28,114209.03978729248
2022-11-29,114245.11270904541
2022-11-30,114718.14211273193
2022-12-01,115088.4980392456
2022-12-02,115284.03505706787
2022-12-03,115284.03505706787
2022-12-04,115284.03505706787
2022-12-05,115515.26918792725
2022-12-06,114896.66399383545
2022-12-07,114617.03275299072
2022-12-08,114925.75128936768
2022-12-09,115238.78546905518
2022-12-10,115238.78546905518
2022-12-11,115238.78546905518
2022-12-12,114874.16251373291
2022-12-13,115492.24736785889
2022-12-14,115109.72534942627
2022-12-15,114092.22138214111
2022-12-16,113676.94525909424
2022-12-17,113676.94525909424
2022-12-18,113676.94525909424
2022-12-19,113555.0513381958
2022-12-20,113548.6460647583
2022-12-21,114068.89234161377
2022-12-22,113627.04953765869
2022-12-23,113892.32418060303
2022-12-24,113892.32418060303
2022-12-25,113892.32418060303
2022-12-26,113892.32418060303
2022-12-27,114064.60456085205
2022-12-28,113875.88387298584
2022-12-29,114348.03667449951
2022-12-30,113755.40061187744
2022-12-31,113755.40061187744
2023-01-01,113755.40061187744
2023-01-02,114518.34250640869
2023-01-03,114910.38143157959
2023-01-04,115567.61084747314
2023-01-05,115798.63338470459
2023-01-06,115798.63338470459
2023-01-07,115798.63338470459
2023-01-08,115798.63338470459
2023-01-09,117184.09331512451
2023-01-10,117039.56089019775
2023-01-11,117325.6402053833
2023-01-12,117739.32946014404
2023-01-13,117753.0193862915
2023-01-14,117753.0193862915
2023-01-15,117753.0193862915
2023-01-16,117920.35712432861
2023-01-17,118125.18486785889
2023-01-18,118212.81537628174
2023-01-19,117668.46088409424
2023-01-20,117890.68968963623
2023-01-21,117890.68968963623
2023-01-22,117890.68968963623
2023-01-23,118146.86179351807
2023-01-24,118126.44260406494
2023-01-25,118075.72873687744
2023-01-26,118403.22986602783
2023-01-27,118405.69441986084
2023-01-28,118405.69441986084
2023-01-29,118405.69441986084
2023-01-30,118304.98232269287
2023-01-31,118174.49909210205
2023-02-01,118265.66376495361
2023-02-02,120123.2442855835
2023-02-03,120936.37213897705
2023-02-04,120936.37213897705
2023-02-05,120936.37213897705
2023-02-06,120597.44382476807
2023-02-07,120643.35109710693
2023-02-08,120385.21785736084
2023-02-09,120473.60842132568
2023-02-10,119599.6357498169
2023-02-11,119599.6357498169
2023-02-12,119599.6357498169
2023-02-13,120392.89183807373
2023-02-14,120688.2978591919
2023-02-15,121024.07578277588
2023-02-16,120799.69718170166
2023-02-17,120697.49361419678
2023-02-18,120697.49361419678
2023-02-19,120697.49361419678
2023-02-20,120540.27684783936
2023-02-21,120327.89936065674
2023-02-22,120181.13120269775
2023-02-23,119997.58197784424
2023-02-24,119045.43793487549
2023-02-25,119045.43793487549
2023-02-26,119045.43793487549
2023-02-27,119610.6803817749
2023-02-28,119443.98267364502
2023-03-01,119496.93180084229
2023-03-02,119370.88249969482
2023-03-03,119980.75080108643
2023-03-04,119980.75080108643
2023-03-05,119980.75080108643
2023-03-06,119866.42310333252
2023-03-07,119738.44091033936
2023-03-08,119713.2040939331
2023-03-09,119412.55088043213
2023-03-10,118777.72106170654
2023-03-11,118777.72106170654
2023-03-12,118777.72106170654
2023-03-13,118065.1995010376
2023-03-14,118654.17736053467
2023-03-15,117302.8911819458
2023-03-16,118261.36125946045
2023-03-17,117825.2580947876
2023-03-18,117825.2580947876
2023-03-19,117825.2580947876
2023-03-20,118332.05214691162
2023-03-21,119006.60001373291
2023-03-22,118995.29500579834
2023-03-23,119185.04862213135
2023-03-24,118540.09651947021
2023-03-25,118540.09651947021
2023-03-26,118540.09651947021
2023-03-27,118999.50789642334
2023-03-28,118833.70371246338
2023-03-29,119657.31317901611
2023-03-30,120406.34009552002
2023-03-31,120910.50710296631
2023-04-01,120910.50710296631
2023-04-02,120910.50710296631
2023-04-03,120513.94675445557
2023-04-04,120656.71312713623
2023-04-05,120128.22605133057
2023-04-06,120390.30519866943
2023-04-07,120390.30519866943
2023-04-08,120390.30519866943
2023-04-09,120390.30519866943
2023-04-10,120390.30519866943
2023-04-11,120763.95177459717
2023-04-12,120490.06136322021
2023-04-13,121135.47052764893
2023-04-14,121065.68027496338
2023-04-15,121065.68027496338
2023-04-16,121065.68027496338
2023-04-17,121338.88747406006
2023-04-18,121853.33925628662
2023-04-19,121667.9550704956
2023-04-20,121571.32790374756
2023-04-21,121889.66799163818
2023-04-22,121889.66799163818
2023-04-23,121889.66799163818
2023-04-24,121771.09548187256
2023-04-25,121574.24042510986
2023-04-26,121274.44696807861
2023-04-27,121444.71910858154
2023-04-28,121308.45446014404
2023-04-29,121308.45446014404
2023-04-30,121308.45446014404
2023-05-01,121308.45446014404
2023-05-02,120260.0432510376
2023-05-03,120604.2686843872
2023-05-04,120103.30550384521
2023-05-05,120390.7568435669
2023-05-06,120390.7568435669
2023-05-07,120390.7568435669
2023-05-08,120291.65705108643
2023-05-09,120204.41902923584
2023-05-10,120126.60654449463
2023-05-11,120777.42601776123
2023-05-12,121011.3817062378
2023-05-13,121011.3817062378
2023-05-14,121011.3817062378
2023-05-15,121317.01209259033
2023-05-16,121231.94121551514
2023-05-17,121463.81133270264
2023-05-18,121463.81133270264
2023-05-19,122469.99947357178
2023-05-20,122469.99947357178
2023-05-21,122469.99947357178
2023-05-22,122228.1502609253
2023-05-23,121584.47068023682
2023-05-24,120798.19678497314
2023-05-25,120951.41997528076
2023-05-26,121784.38124847412
2023-05-27,121784.38124847412
2023-05-28,121784.38124847412
2023-05-29,121501.53931427002
2023-05-30,121574.45478057861
2023-05-31,121251.85948944092
2023-06-01,121426.61226654053
2023-06-02,122289.33879852295
2023-06-03,122289.33879852295
2023-06-04,122289.33879852295
2023-06-05,122197.07788848877
2023-06-06,122197.07788848877
2023-06-07,122159.56485748291
2023-06-08,121986.10274505615
2023-06-09,122198.9355545044
2023-06-10,122198.9355545044
2023-06-11,122198.9355545044
2023-06-12,122074.11084747314
2023-06-13,122240.92874908447
2023-06-14,121743.34586334229
2023-06-15,121638.35507965088
2023-06-16,122079.92287445068
2023-06-17,122079.92287445068
2023-06-18,122079.92287445068
2023-06-19,121353.93222808838
2023-06-20,121303.9757156372
2023-06-21,120568.3252029419
2023-06-22,120083.49738311768
2023-06-23,120083.49738311768
2023-06-24,120083.49738311768
2023-06-25,120083.49738311768
2023-06-26,120226.17488861084
2023-06-27,120278.70223236084
2023-06-28,120721.54438018799
2023-06-29,120511.91425323486
2023-06-30,121193.71834564209
2023-07-01,121193.71834564209
2023-07-02,121193.71834564209
2023-07-03,120084.33556365967
2023-07-04,120457.87525177002
2023-07-05,120070.32508087158
2023-07-06,119069.46845245361
2023-07-07,119252.2195968628
2023-07-08,119252.2195968628
2023-07-09,119252.2195968628
2023-07-10,119500.38495635986
2023-07-11,119627.8159866333
2023-07-12,120058.9939956665
2023-07-13,120091.40077972412
2023-07-14,119646.01686859131
2023-07-15,119646.01686859131
2023-07-16,119646.01686859131
2023-07-17,119374.9203414917
2023-07-18,119656.26412200928
2023-07-19,119406.96654510498
2023-07-20,118270.01355743408
2023-07-21,118384.65100860596
2023-07-22,118384.65100860596
2023-07-23,118384.65100860596
2023-07-24,118748.00540924072
2023-07-25,119029.15532684326
2023-07-26,118915.6837234497
2023-07-27,119402.82973480225
2023-07-28,119522.67555999756
2023-07-29,119522.67555999756
2023-07-30,119522.67555999756
2023-07-31,119524.9641494751
2023-08-01,119117.7119064331
2023-08-02,118774.78606414795
2023-08-03,118450.45824432373
2023-08-04,118677.2883682251
2023-08-05,118677.2883682251
2023-08-06,118677.2883682251
2023-08-07,118564.63690948486
2023-08-08,118377.76415252686
2023-08-09,118663.2712020874
2023-08-10,118611.0641708374
2023-08-11,118326.26091766357
2023-08-12,118326.26091766357
2023-08-13,118326.26091766357
2023-08-14,118313.69817352295
2023-08-15,117786.09970855713
2023-08-16,117541.77384185791
2023-08-17,116923.37720489502
2023-08-18,116631.6587600708
2023-08-19,116631.6587600708
2023-08-20,116631.6587600708
2023-08-21,116573.95623016357
2023-08-22,116820.95499420166
2023-08-23,117000.78607940674
2023-08-24,116705.28714752197
2023-08-25,116721.32094573975
2023-08-26,116721.32094573975
2023-08-27,116721.32094573975
2023-08-28,117097.03786468506
2023-08-29,117469.51006317139
2023-08-30,117254.4882736206
2023-08-31,117328.87200164795
2023-09-01,117526.9264755249
2023-09-02,117526.9264755249
2023-09-03,117526.9264755249
2023-09-04,117696.79787445068
2023-09-05,117738.35735321045
2023-09-06,117663.9140701294
2023-09-07,117354.56882476807
2023-09-08,117414.12287139893
2023-09-09,117414.12287139893
2023-09-10,117414.12287139893
2023-09-11,117241.77841949463
2023-09-12,116984.24271392822
2023-09-13,116739.31914520264
2023-09-14,117430.83683013916
2023-09-15,117723.38597869873
2023-09-16,117723.38597869873
2023-09-17,117723.38597869873
2023-09-18,117528.24993133545
2023-09-19,116876.4746017456
2023-09-20,117379.93901824951
2023-09-21,116393.32808685303
2023-09-22,116260.73287200928
2023-09-23,116260.73287200928
2023-09-24,116260.73287200928
2023-09-25,115902.16857147217
2023-09-26,115373.65222930908
2023-09-27,115287.66974639893
2023-09-28,115727.69901275635
2023-09-29,116113.1314163208
2023-09-30,116113.1314163208
2023-10-01,116113.1314163208
2023-10-02,115826.46688079834
2023-10-03,115399.84882354736
2023-10-04,115274.28658294678
2023-10-05,115550.48235321045
2023-10-06,116090.64443206787
2023-10-07,116090.64443206787
2023-10-08,116090.64443206787
2023-10-09,115756.19840240479
2023-10-10,116860.04848480225
2023-10-11,116355.23812103271
2023-10-12,116311.72980499268
2023-10-13,115777.46273040771
2023-10-14,115777.46273040771
2023-10-15,115777.46273040771
2023-10-16,115675.58109283447
2023-10-17,115341.51723480225
2023-10-18,114290.78144073486
2023-10-19,113989.7710647583
2023-10-20,113533.95011138916
2023-10-21,113533.95011138916
2023-10-22,113533.95011138916
2023-10-23,113864.2991104126
2023-10-24,114418.42710113525
2023-10-25,114154.25972747803
2023-10-26,113722.5477218628
2023-10-27,113543.39807891846
2023-10-28,113543.39807891846
2023-10-29,113543.39807891846
2023-10-30,114099.19649505615
2023-10-31,114247.90717315674
2023-11-01,114002.91257476807
2023-11-02,114568.56157684326
2023-11-03,114811.55683135986
2023-11-04,114811.55683135986
2023-11-05,114811.55683135986
2023-11-06,114893.25281524658
2023-11-07,114615.6042098999
2023-11-08,114611.6298751831
2023-11-09,115090.53301239014
2023-11-10,114576.13430023193
2023-11-11,114576.13430023193
2023-11-12,114576.13430023193
2023-11-13,115065.80756378174
2023-11-14,116464.07755279541
2023-11-15,116543.66432952881
2023-11-16,116000.23139190674
2023-11-17,116562.43784332275
2023-11-18,116562.43784332275
2023-11-19,116562.43784332275
2023-11-20,116756.67064666748
2023-11-21,116408.95250701904
2023-11-22,116728.41053009033
2023-11-23,116974.58240509033
2023-11-24,117275.86324310303
2023-11-25,117275.86324310303
2023-11-26,117275.86324310303
2023-11-27,117004.33710479736
2023-11-28,116618.55138397217
2023-11-29,117019.15486907959
2023-11-30,116978.13245391846
2023-12-01,117417.1954574585
2023-12-02,117417.1954574585
2023-12-03,117417.1954574585
2023-12-04,117403.9447555542
2023-12-05,117832.28255462646
2023-12-06,118273.17848968506
2023-12-07,117955.73056793213
2023-12-08,118556.79033660889
2023-12-09,118556.79033660889
2023-12-10,118556.79033660889
2023-12-11,119104.16822052002
2023-12-12,118946.96035003662
2023-12-13,118981.8649520874
2023-12-14,119831.72771453857
2023-12-15,120094.32331085205
2023-12-16,120094.32331085205
2023-12-17,120094.32331085205
2023-12-18,119934.39989471436
2023-12-19,120267.21103668213
2023-12-20,120283.01036834717
2023-12-21,119919.40964508057
2023-12-22,119891.09763336182
2023-12-23,119891.09763336182
2023-12-24,119891.09763336182
2023-12-25,119891.09763336182
2023-12-26,119891.09763336182
2023-12-27,120088.08234405518
2023-12-28,120126.73571014404
2023-12-29,120186.15013885498
2023-12-30,120186.15013885498
2023-12-31,120186.15013885498
2024-01-01,120186.15013885498
2024-01-02,120262.21660614014
2024-01-03,119618.4723739624
2024-01-04,119627.28943634033
2024-01-05,119119.60318756104
2024-01-06,119119.60318756104
2024-01-07,119119.60318756104
2024-01-08,119465.49468231201
2024-01-09,119437.45273590088
2024-01-10,119363.49353790283
2024-01-11,119338.01517486572
2024-01-12,119429.03025054932
2024-01-13,119429.03025054932
2024-01-14,119429.03025054932
2024-01-15,119317.8282546997
2024-01-16,119148.80529022217
2024-01-17,118822.09186553955
2024-01-18,119436.59828948975
2024-01-19,118829.76769256592
2024-01-20,118829.76769256592
2024-01-21,118829.76769256592
2024-01-22,119406.4296798706
2024-01-23,119591.39641571045
2024-01-24,119826.61489105225
2024-01-25,119702.96933746338
2024-01-26,119840.30617523193
2024-01-27,119840.30617523193
2024-01-28,119840.30617523193
2024-01-29,119971.4720993042
2024-01-30,120090.5518875122
2024-01-31,119935.28252410889
2024-02-01,120955.74253082275
2024-02-02,120780.4774093628
2024-02-03,120780.4774093628
2024-02-04,120780.4774093628
2024-02-05,120689.95333099365
2024-02-06,120956.5104598999
2024-02-07,120946.42018890381
2024-02-08,121068.6092453003
2024-02-09,121226.93236541748
2024-02-10,121226.93236541748
2024-02-11,121226.93236541748
2024-02-12,121156.86974334717
2024-02-13,120887.05751800537
2024-02-14,121221.44078826904
2024-02-15,121531.77596282959
2024-02-16,121898.08470916748
2024-02-17,121898.08470916748
2024-02-18,121898.08470916748
2024-02-19,121940.48937225342
2024-02-20,122378.96517181396
2024-02-21,122181.24886322021
2024-02-22,122423.24935150146
2024-02-23,122482.44780731201
2024-02-24,122482.44780731201
2024-02-25,122482.44780731201
2024-02-26,122413.71491241455
2024-02-27,122469.23741912842
2024-02-28,122212.54035186768
2024-02-29,122315.69292449951
2024-03-01,122434.4422531128
2024-03-02,122434.4422531128
2024-03-03,122434.4422531128
2024-03-04,122322.49446868896
2024-03-05,121943.74684906006
2024-03-06,122073.58361053467
2024-03-07,122191.80754852295
2024-03-08,122507.86785125732
2024-03-09,122507.86785125732
2024-03-10,122507.86785125732
2024-03-11,122467.78368377686
2024-03-12,123577.60036468506
2024-03-13,123811.64986419678
2024-03-14,123869.71221160889
2024-03-15,123908.11571502686
2024-03-16,123908.11571502686
2024-03-17,123908.11571502686
2024-03-18,123592.73580169678
2024-03-19,123646.76055145264
2024-03-20,123620.71346282959
2024-03-21,124538.47631072998
2024-03-22,123314.02993011475
2024-03-23,123314.02993011475
2024-03-24,123314.02993011475
2024-03-25,123526.41652679443
2024-03-26,123864.10451507568
2024-03-27,123897.52318572998
2024-03-28,123945.6293258667
2024-03-29,123945.6293258667
2024-03-30,123945.6293258667
2024-03-31,123945.6293258667
2024-04-01,123945.6293258667
2024-04-02,123696.45751190186
2024-04-03,124029.03688812256
2024-04-04,124229.16341400146
2024-04-05,123931.82646942139
2024-04-06,123931.82646942139
2024-04-07,123931.82646942139
2024-04-08,124198.13802337646
2024-04-09,124231.97570037842
2024-04-10,124396.75179290771
2024-04-11,124351.23973846436
2024-04-12,124496.65096282959
2024-04-13,124496.65096282959
2024-04-14,124496.65096282959
2024-04-15,124794.07399749756
2024-04-16,124207.51747894287
2024-04-17,124443.28426361084
2024-04-18,124795.51280975342
2024-04-19,124636.88069915771
2024-04-20,124636.88069915771
2024-04-21,124636.88069915771
2024-04-22,124811.59658050537
2024-04-23,125532.10195159912
2024-04-24,124661.5915145874
2024-04-25,124364.70973968506
2024-04-26,125211.9672164917
2024-04-27,125211.9672164917
2024-04-28,125211.9672164917
2024-04-29,125203.90926361084
2024-04-30,125355.18184661865
2024-05-01,125355.18184661865
2024-05-02,124632.1349105835
2024-05-03,124831.68532562256
2024-05-04,124831.68532562256
2024-05-05,124831.68532562256
2024-05-06,124960.77843475342
2024-05-07,125573.00466156006
2024-05-08,125757.91661834717
2024-05-09,125757.91661834717
2024-05-10,126351.36748504639
2024-05-11,126351.36748504639
2024-05-12,126351.36748504639
2024-05-13,126026.04265594482
2024-05-14,125823.42147064209
2024-05-15,125970.34633636475
2024-05-16,125831.95775604248
2024-05-17,125699.57238006592
2024-05-18,125699.57238006592
2024-05-19,125699.57238006592
2024-05-20,125986.74602508545
2024-05-21,126119.56337738037
2024-05-22,125877.92537689209
2024-05-23,126018.73448944092
2024-05-24,125671.61589813232
2024-05-25,125671.61589813232
2024-05-26,125671.61589813232
2024-05-27,125832.3563156128
2024-05-28,125142.91005706787
2024-05-29,124571.76360321045
2024-05-30,124601.03426361084
2024-05-31,124824.26802825928
2024-06-01,124824.26802825928
2024-06-02,124824.26802825928
2024-06-03,124935.9535446167
2024-06-04,124756.81157684326
2024-06-05,125246.26598358154
2024-06-06,125246.26598358154
2024-06-07,125353.71617889404
2024-06-08,125353.71617889404
2024-06-09,125353.71617889404
2024-06-10,124954.17180633545
2024-06-11,125072.03575897217
2024-06-12,125437.46868133545
2024-06-13,124701.66341400146
2024-06-14,124166.31029510498
2024-06-15,124166.31029510498
2024-06-16,124166.31029510498
2024-06-17,124146.45516204834
2024-06-18,124469.05745697021
2024-06-19,124466.16509246826
2024-06-20,124823.12831878662
2024-06-21,124823.12831878662
2024-06-22,124823.12831878662
2024-06-23,124823.12831878662
2024-06-24,125050.15337371826
2024-06-25,124789.49459075928
2024-06-26,124715.10335540771
2024-06-27,124779.52172088623
2024-06-28,124764.37865447998
2024-06-29,124764.37865447998
2024-06-30,124764.37865447998
2024-07-01,124921.02294158936
2024-07-02,124652.15798187256
2024-07-03,124819.98174285889
2024-07-04,125226.67366790771
2024-07-05,125056.66548919678
2024-07-06,125056.66548919678
2024-07-07,125056.66548919678
2024-07-08,125307.2918624878
2024-07-09,125150.57384490967
2024-07-10,125723.85912322998
2024-07-11,126054.07494354248
2024-07-12,127671.28078460693
2024-07-13,127671.28078460693
2024-07-14,127671.28078460693
2024-07-15,127151.82357025146
2024-07-16,127289.75853729248
2024-07-17,127219.25536346436
2024-07-18,126937.80867767334
2024-07-19,125635.09966278076
2024-07-20,125635.09966278076
2024-07-21,125635.09966278076
2024-07-22,125550.66399383545
2024-07-23,125802.42433929443
2024-07-24,125383.08003997803
2024-07-25,124813.16536712646
2024-07-26,125545.68209075928
2024-07-27,125545.68209075928
2024-07-28,125545.68209075928
2024-07-29,125305.20833587646
2024-07-30,125495.76873016357
2024-07-31,125900.65407562256
2024-08-01,125019.09468841553
2024-08-02,123629.6385421753
2024-08-03,123629.6385421753
2024-08-04,123629.6385421753
2024-08-05,122704.56179046631
2024-08-06,122358.78350067139
2024-08-07,123112.76009368896
2024-08-08,123329.09777069092
2024-08-09,123689.91857147217
2024-08-10,123689.91857147217
2024-08-11,123689.91857147217
2024-08-12,123694.92403411865
2024-08-13,123869.81743621826
2024-08-14,124066.80461883545
2024-08-15,124674.62450408936
2024-08-16,124859.56670379639
2024-08-17,124859.56670379639
2024-08-18,124859.56670379639
2024-08-19,125088.46739959717
2024-08-20,125098.88216400146
2024-08-21,125170.00142669678
2024-08-22,125570.03609466553
2024-08-23,125786.78716278076
2024-08-24,125786.78716278076
2024-08-25,125786.78716278076
2024-08-26,125941.49660491943
2024-08-27,126097.63402557373
2024-08-28,126205.97136688232
2024-08-29,126780.64208221436
2024-08-30,127080.82775115967
2024-08-31,127080.82775115967
2024-09-01,127080.82775115967
2024-09-02,126916.4767074585
2024-09-03,126291.25038909912
2024-09-04,125399.68257904053
2024-09-05,124649.35247039795
2024-09-06,124221.34529876709
2024-09-07,124221.34529876709
2024-09-08,124221.34529876709
2024-09-09,124917.54668426514
2024-09-10,124684.80303192139
2024-09-11,124573.25646209717
2024-09-12,124775.81996917725
2024-09-13,124896.36684417725
2024-09-14,124896.36684417725
2024-09-15,124896.36684417725
2024-09-16,125014.93547821045
2024-09-17,125245.24636077881
2024-09-18,124938.15828704834
2024-09-19,125704.61165618896
2024-09-20,125538.59328460693
2024-09-21,125538.59328460693
2024-09-22,125538.59328460693
2024-09-23,125667.05028533936
2024-09-24,125756.42867279053
2024-09-25,126261.97542572021
2024-09-26,126690.90847015381
2024-09-27,126526.24053192139
2024-09-28,126526.24053192139
2024-09-29,126526.24053192139
2024-09-30,126176.9916305542
2024-10-01,126271.44048309326
2024-10-02,126461.69853973389
2024-10-03,126207.60335540771
2024-10-04,126367.64656829834
2024-10-05,126367.64656829834
2024-10-06,126367.64656829834
2024-10-07,126178.61193084717
2024-10-08,125872.71703338623
2024-10-09,126030.06691741943
2024-10-10,125542.05425262451
2024-10-11,125925.23552703857
2024-10-12,125925.23552703857
2024-10-13,125925.23552703857
2024-10-14,125976.36614227295
2024-10-15,125565.16716766357
2024-10-16,125810.8349533081
2024-10-17,125959.6201095581
2024-10-18,126010.28685760498
2024-10-19,126010.28685760498
2024-10-20,126010.28685760498
2024-10-21,125678.75664520264
2024-10-22,125117.69777679443
2024-10-23,124981.37218475342
2024-10-24,126471.87627410889
2024-10-25,126234.24007415771
2024-10-26,126234.24007415771
2024-10-27,126234.24007415771
2024-10-28,126822.56755828857
2024-10-29,126196.35390472412
2024-10-30,125697.06703948975
2024-10-31,125265.36040496826
2024-11-01,125384.70537567139
2024-11-02,125384.70537567139
2024-11-03,125384.70537567139
2024-11-04,125739.59246063232
2024-11-05,125718.01894378662
2024-11-06,125128.54467010498
2024-11-07,125750.350730896
2024-11-08,125383.57817840576
2024-11-09,125383.57817840576
2024-11-10,125383.57817840576
2024-11-11,125819.24404144287
2024-11-12,124924.29570770264
2024-11-13,124964.30593109131
2024-11-14,125415.66158294678
2024-11-15,125021.29976654053
2024-11-16,125021.29976654053
2024-11-17,125021.29976654053
2024-11-18,124653.33834075928
2024-11-19,124513.76677703857
2024-11-20,124470.79610443115
2024-11-21,124637.66835784912
2024-11-22,125263.09813690186
2024-11-23,125263.09813690186
2024-11-24,125263.09813690186
2024-11-25,125374.35115814209
2024-11-26,125170.192527771
2024-11-27,125174.69130706787
2024-11-28,125282.11669158936
2024-11-29,125519.20598602295
2024-11-30,125519.20598602295
2024-12-01,125519.20598602295
2024-12-02,125847.68627166748
2024-12-03,126510.14138031006
2024-12-04,126715.39986419678
2024-12-05,126697.18218231201
2024-12-06,126876.77666473389
2024-12-07,126876.77666473389
2024-12-08,126876.77666473389
2024-12-09,126952.53661346436
2024-12-10,126566.18914031982
2024-12-11,126594.46901702881
2024-12-12,126056.89437103271
2024-12-13,125727.26134490967
2024-12-14,125727.26134490967
2024-12-15,125727.26134490967
2024-12-16,125671.83797454834
2024-12-17,125617.42122650146
2024-12-18,125310.17189788818
2024-12-19,123713.07454681396
2024-12-20,123978.6796798706
2024-12-21,123978.6796798706
2024-12-22,123978.6796798706
2024-12-23,123137.80394744873
2024-12-24,123137.80394744873
2024-12-25,123137.80394744873
2024-12-26,123137.80394744873
2024-12-27,123646.82457733154
2024-12-28,123646.82457733154
2024-12-29,123646.82457733154
2024-12-30,123382.83699798584
2024-12-31,123382.83699798584
2025-01-01,123382.83699798584
2025-01-02,123981.8512802124
2025-01-03,124099.0115890503
2025-01-04,124099.0115890503
2025-01-05,124099.0115890503
2025-01-06,124099.0115890503
2025-01-07,124460.96074676514
2025-01-08,124074.7333908081
2025-01-09,123991.64336395264
2025-01-10,123549.99636077881
2025-01-11,123549.99636077881
2025-01-12,123549.99636077881
2025-01-13,123235.7361984253
2025-01-14,123311.23867034912
2025-01-15,124331.05034637451
2025-01-16,124865.68273162842
2025-01-17,124997.41878509521
2025-01-18,124997.41878509521
2025-01-19,124997.41878509521
2025-01-20,125197.71920013428
2025-01-21,125433.7077255249
2025-01-22,125828.1078414917
2025-01-23,125580.76027679443
2025-01-24,125898.63719940186
2025-01-25,125898.63719940186
2025-01-26,125898.63719940186
2025-01-27,125193.23638153076
2025-01-28,125205.85866546631
2025-01-29,125629.88338470459
2025-01-30,125108.24160003662
2025-01-31,125686.33766937256
2025-02-01,125686.33766937256
2025-02-02,125686.33766937256
2025-02-03,125041.31310272217
2025-02-04,125005.30812835693
2025-02-05,124884.9139328003
2025-02-06,126028.54540252686
2025-02-07,125657.6329574585
2025-02-08,125657.6329574585
2025-02-09,125657.6329574585
2025-02-10,126385.5534286499
2025-02-11,126467.99486541748
2025-02-12,126828.04271697998
2025-02-13,127870.61040496826
2025-02-14,127651.23223114014
2025-02-15,127651.23223114014
2025-02-16,127651.23223114014
2025-02-17,127855.42232513428
2025-02-18,128198.52376556396
2025-02-19,127006.31395721436
2025-02-20,127247.92711639404
2025-02-21,126930.19457244873
2025-02-22,126930.19457244873
2025-02-23,126930.19457244873
2025-02-24,126342.49990081787
2025-02-25,126207.4863204956
2025-02-26,126634.67253875732
2025-02-27,126469.85750579834
2025-02-28,126039.9042892456
2025-03-01,126039.9042892456
2025-03-02,126039.9042892456
2025-03-03,126194.58657073975
2025-03-04,125205.37203216553
2025-03-05,125822.90505218506
2025-03-06,125739.81252288818
2025-03-07,125835.76259613037
2025-03-08,125835.76259613037
2025-03-09,125835.76259613037
2025-03-10,125052.6152267456
2025-03-11,124053.05406951904
2025-03-12,124254.02199554443
2025-03-13,124256.67205047607
2025-03-14,124583.52471160889
2025-03-15,124583.52471160889
2025-03-16,124583.52471160889
2025-03-17,124615.51351165771
2025-03-18,124917.98821258545
2025-03-19,125347.57860565186
2025-03-20,125264.65139007568
2025-03-21,124573.99956512451
2025-03-22,124573.99956512451
2025-03-23,124573.99956512451
2025-03-24,124678.89119720459
2025-03-25,124496.74538421631
2025-03-26,123570.99913787842
2025-03-27,123114.57350921631
2025-03-28,122531.88991546631
2025-03-29,122531.88991546631
2025-03-30,122531.88991546631
2025-03-31,121637.02312469482
2025-04-01,121965.49654388428
2025-04-02,121756.89958953857
2025-04-03,120431.12917327881
2025-04-04,119026.7308883667
2025-04-05,119026.7308883667
2025-04-06,119026.7308883667
2025-04-07,117144.37908172607
2025-04-08,118384.82192230225
2025-04-09,117015.62059783936
2025-04-10,118877.82207489014
2025-04-11,118974.77053070068
2025-04-12,118974.77053070068
2025-04-13,118974.77053070068
2025-04-14,119820.76961517334
2025-04-15,120682.37554168701
2025-04-16,120703.99578094482
2025-04-17,120404.13027191162
2025-04-18,120404.13027191162
2025-04-19,120404.13027191162
2025-04-20,120404.13027191162
2025-04-21,120404.13027191162
2025-04-22,120097.551902771
2025-04-23,120875.0068283081
2025-04-24,120919.78862762451
2025-04-25,121630.4181137085
2025-04-26,121630.4181137085
2025-04-27,121630.4181137085
2025-04-28,121612.5320968628
2025-04-29,121769.505027771
2025-04-30,120767.35634613037
2025-05-01,120767.35634613037
2025-05-02,121429.29656219482
2025-05-03,121429.29656219482
2025-05-04,121429.29656219482
2025-05-05,121617.54918670654
2025-05-06,121056.3366317749
2025-05-07,120777.0185470581
2025-05-08,121266.97408294678
2025-05-09,121301.79821014404
2025-05-10,121301.79821014404
2025-05-11,121301.79821014404
2025-05-12,122355.77669525146
2025-05-13,122436.69951629639
2025-05-14,122492.03347015381
2025-05-15,122892.60604095459
2025-05-16,122783.95986175537
2025-05-17,122783.95986175537
2025-05-18,122783.95986175537
2025-05-19,122676.3660812378
2025-05-20,122932.75215911865
2025-05-21,122769.64632415771
2025-05-22,121888.56667327881
2025-05-23,121615.76314544678
2025-05-24,121615.76314544678
2025-05-25,121615.76314544678
2025-05-26,122093.3583908081
2025-05-27,122364.92116546631
2025-05-28,122054.84365081787
2025-05-29,122054.84365081787
2025-05-30,121896.01210784912
2025-05-31,121896.01210784912
2025-06-01,121896.01210784912
2025-06-02,121658.72341156006
2025-06-03,121754.19832611084
2025-06-04,122465.37169647217
2025-06-05,122725.48427581787
2025-06-06,122725.48427581787
2025-06-07,122725.48427581787
2025-06-08,122725.48427581787
2025-06-09,122485.66362762451
2025-06-10,122709.04625701904
2025-06-11,122667.44924163818
2025-06-12,122523.13744354248
2025-06-13,122075.34111785889
2025-06-14,122075.34111785889
2025-06-15,122075.34111785889
2025-06-16,122881.97539520264
2025-06-17,122075.21822357178
2025-06-18,122089.42714691162
2025-06-19,121477.21712493896
2025-06-20,121477.21712493896
2025-06-21,121477.21712493896
2025-06-22,121477.21712493896
2025-06-23,121349.34114837646
2025-06-24,121688.75841522217
2025-06-25,121561.6803817749
2025-06-26,121770.28545379639
2025-06-27,122919.78331756592
2025-06-28,122919.78331756592
2025-06-29,122919.78331756592
2025-06-30,122357.88832855225
2025-07-01,122650.73497772217
2025-07-02,123096.84322357178
2025-07-03,123055.97371673584
2025-07-04,122788.44426727295
2025-07-05,122788.44426727295
2025-07-06,122788.44426727295
2025-07-07,122628.78609466553
2025-07-08,122887.66738128662
2025-07-09,123096.36391448975
2025-07-10,123947.51165008545
2025-07-11,123553.05437469482
2025-07-12,123553.05437469482
2025-07-13,123553.05437469482
2025-07-14,122509.40877532959
2025-07-15,122496.72396087646
2025-07-16,122047.12883758545
2025-07-17,124090.4430770874
2025-07-18,124127.96706390381
2025-07-19,124127.96706390381
2025-07-20,124127.96706390381
2025-07-21,123921.38991546631
2025-07-22,123708.47515106201
2025-07-23,124421.1058883667
2025-07-24,124674.56188201904
2025-07-25,124772.59679412842
2025-07-26,124772.59679412842
2025-07-27,124772.59679412842
2025-07-28,124646.99953460693
2025-07-29,124573.82137298584
2025-07-30,125255.43895721436
2025-07-31,124730.46779632568
2025-08-01,123764.52962493896
2025-08-02,123764.52962493896
2025-08-03,123764.52962493896
2025-08-04,124132.42339324951
2025-08-05,124366.9103012085
2025-08-06,124163.73345184326
2025-08-07,124728.83330535889
2025-08-08,124869.53374481201
2025-08-09,124869.53374481201
2025-08-10,124869.53374481201
2025-08-11,124739.43337249756
2025-08-12,125165.33425140381
2025-08-13,124392.93389129639
2025-08-14,124764.73430633545
2025-08-15,124921.43441009521
2025-08-16,124921.43441009521
2025-08-17,124921.43441009521
2025-08-18,124827.63329315186
2025-08-19,125640.93422698975
2025-08-20,125686.33403778076
2025-08-21,125400.33354949951
2025-08-22,126015.23390960693
2025-08-23,126015.23390960693
2025-08-24,126015.23390960693
2025-08-25,125584.43364715576
2025-08-26,125364.63442230225
2025-08-27,125304.43398284912
2025-08-28,125244.73323822021
2025-08-29,124633.63439178467
2025-08-30,124633.63439178467
2025-08-31,124633.63439178467
2025-09-01,124386.83419036865
2025-09-02,123495.23442840576
2025-09-03,124059.13283538818
2025-09-04,124366.03386688232
2025-09-05,124731.7340927124
2025-09-06,124731.7340927124
2025-09-07,124731.7340927124
2025-09-08,124998.23406219482
2025-09-09,124969.6335067749
2025-09-10,124921.73369598389
2025-09-11,125010.33318328857
2025-09-12,124972.23357391357
2025-09-13,124972.23357391357
2025-09-14,124972.23357391357
2025-09-15,125045.13402557373
2025-09-16,124474.93328094482
2025-09-17,124082.8338546753
2025-09-18,124409.43392181396
2025-09-19,124582.83406829834
