date,portfolio_value,cash,positions_count
2020-01-02,100000,100000,0
2020-01-03,100000,10539,9
2020-01-07,100554,10539,9
2020-01-08,99945,10539,9
2020-01-09,101236,10539,9
2020-01-10,101931,10539,9
2020-01-13,102310,11227,9
2020-01-14,111759,11227,9
2020-01-15,112997,11227,9
2020-01-16,113747,11227,9
2020-01-17,114898,23064,8
2020-01-20,116037,12848,9
2020-01-21,124388,12848,9
2020-01-22,124737,12848,9
2020-01-23,123896,12848,9
2020-01-24,124211,12848,9
2020-01-27,121371,13240,9
2020-01-28,130963,13240,9
2020-01-29,131438,13240,9
2020-01-30,130388,13240,9
2020-01-31,131279,28543,8
2020-02-03,134112,14311,9
2020-02-04,147126,14311,9
2020-02-05,147472,14311,9
2020-02-06,147661,14311,9
2020-02-07,147212,14311,9
2020-02-10,147931,32526,8
2020-02-11,161042,32526,8
2020-02-12,161721,32526,8
2020-02-13,163082,32526,8
2020-02-14,163827,32526,8
2020-02-17,164430,83,10
2020-02-18,172435,83,10
2020-02-19,171603,83,10
2020-02-20,172635,17161,9
2020-02-21,172119,17161,9
2020-02-24,164677,19244,9
2020-02-25,184776,58126,7
2020-02-26,189931,58126,7
2020-02-27,181263,58126,7
2020-02-28,179012,164124,1
2020-03-02,182091,37116,8
2020-03-03,186955,37116,8
2020-03-04,186863,37116,8
2020-03-05,184633,37116,8
2020-03-06,179696,78033,6
2020-03-09,180632,92,10
2020-03-10,184416,35882,8
2020-03-11,183246,35882,8
2020-03-12,162314,76320,6
2020-03-13,174808,190529,0
2020-03-16,190529,38063,8
2020-03-17,188695,38063,8
2020-03-18,176859,58530,7
2020-03-19,185948,150511,2
2020-03-20,192330,150511,2
2020-03-23,192105,18995,9
2020-03-24,207768,18995,9
2020-03-25,214974,18995,9
2020-03-26,216584,18995,9
2020-03-27,210924,18995,9
2020-03-30,211998,22972,9
2020-03-31,235158,22972,9
2020-04-01,226832,22972,9
2020-04-02,225744,22972,9
2020-04-03,224573,47739,8
2020-04-06,238399,25172,9
2020-04-07,256130,25172,9
2020-04-08,258547,25172,9
2020-04-09,260070,25172,9
2020-04-14,268213,25172,9
2020-04-15,259145,31546,9
2020-04-16,281255,31546,9
2020-04-17,292725,66940,8
2020-04-20,295334,66940,8
2020-04-21,289466,66940,8
2020-04-22,291341,60791,8
2020-04-23,311397,60791,8
2020-04-24,308528,60791,8
2020-04-27,313768,60791,8
2020-04-28,313606,60791,8
2020-04-29,322490,34241,9
2020-04-30,339565,34241,9
2020-05-04,326233,34241,9
2020-05-05,333806,140657,6
2020-05-06,343609,140657,6
2020-05-07,346593,71182,8
2020-05-08,360601,71182,8
2020-05-11,361708,71182,8
2020-05-12,363806,71182,8
2020-05-13,354160,71182,8
2020-05-14,345372,73057,8
2020-05-15,365400,73057,8
2020-05-18,370373,73057,8
2020-05-19,372624,73057,8
2020-05-20,376098,115699,7
2020-05-22,382944,68,10
2020-05-25,415631,68,10
2020-05-26,423390,68,10
2020-05-27,422641,68,10
2020-05-28,429796,47436,9
2020-05-29,439011,51629,9
2020-06-01,502394,51629,9
2020-06-02,507368,51629,9
2020-06-03,523386,51629,9
2020-06-04,524189,51629,9
2020-06-05,525914,112847,8
2020-06-08,560949,112847,8
2020-06-09,564161,112847,8
2020-06-10,564159,112847,8
2020-06-11,542832,112847,8
2020-06-12,544730,117757,8
2020-06-15,592811,117757,8
2020-06-16,607259,117757,8
2020-06-17,606446,117757,8
2020-06-18,608222,117757,8
2020-06-22,605272,68883,9
2020-06-23,688582,68883,9
2020-06-24,672667,68883,9
2020-06-25,677421,68883,9
2020-06-26,678002,68883,9
2020-06-29,678398,146635,8
2020-06-30,722254,146635,8
2020-07-01,725318,146635,8
2020-07-02,744262,146635,8
2020-07-03,745092,146635,8
2020-07-06,763601,85167,9
2020-07-07,824496,85167,9
2020-07-08,824230,85167,9
2020-07-09,823213,85167,9
2020-07-10,817233,85167,9
2020-07-13,824008,2,10
2020-07-14,845546,2,10
2020-07-15,874142,2,10
2020-07-16,893036,2,10
2020-07-17,908761,2,10
2020-07-20,918796,197,10
2020-07-21,959290,197,10
2020-07-22,969698,56871,9
2020-07-23,960083,56871,9
2020-07-24,930306,143274,8
2020-07-27,937654,208770,8
2020-07-28,1001119,208770,8
2020-07-29,1004049,208770,8
2020-07-30,987503,208770,8
2020-07-31,989727,208770,8
2020-08-03,1001439,108956,9
2020-08-04,1077424,108956,9
2020-08-05,1089696,108956,9
2020-08-06,1089858,108956,9
2020-08-07,1096896,108956,9
2020-08-10,1106204,255315,8
2020-08-11,1191252,255315,8
2020-08-12,1188428,255315,8
2020-08-13,1192732,255315,8
2020-08-14,1180831,255315,8
2020-08-17,1192436,397701,7
2020-08-18,1252063,397701,7
2020-08-19,1269589,397701,7
2020-08-20,1266667,397701,7
2020-08-21,1276119,397701,7
2020-08-24,1300251,135248,9
2020-08-25,1363846,135248,9
2020-08-26,1367486,135248,9
2020-08-27,1355896,135248,9
2020-08-28,1372681,295314,8
2020-08-31,1410014,144873,9
2020-09-01,1438348,144873,9
2020-09-02,1445385,144873,9
2020-09-03,1417294,144873,9
2020-09-04,1419565,284762,8
2020-09-07,1440342,316464,8
2020-09-08,1497675,316464,8
2020-09-09,1514513,488857,7
2020-09-10,1529281,488857,7
2020-09-11,1531461,629384,6
2020-09-14,1532123,167549,9
2020-09-15,1682129,167549,9
2020-09-16,1686546,167549,9
2020-09-17,1687279,167549,9
2020-09-18,1691661,167549,9
2020-09-21,1631854,383293,8
2020-09-22,1837273,558672,7
2020-09-23,1870342,558672,7
2020-09-24,1853955,742703,6
2020-09-25,1877702,742703,6
2020-09-28,1895708,614010,7
2020-09-29,2033415,614010,7
2020-09-30,2030683,614010,7
2020-10-01,2018836,614010,7
2020-10-02,1997480,802468,6
2020-10-05,2023960,24,10
2020-10-06,2055778,24,10
2020-10-07,2054021,24,10
2020-10-08,2074641,24,10
2020-10-09,2043806,24,10
2020-10-12,2095491,268556,8
2020-10-13,2177966,268556,8
2020-10-14,2193416,268556,8
2020-10-15,2151887,268556,8
2020-10-16,2162649,563625,7
2020-10-19,2197815,53,10
2020-10-20,2318507,53,10
2020-10-21,2268947,53,10
2020-10-22,2242805,448862,8
2020-10-23,2268861,661789,7
2020-10-26,2230776,257129,9
2020-10-27,2556101,257129,9
2020-10-28,2462577,478488,8
2020-10-29,2460331,740177,7
2020-10-30,2530661,740177,7
2020-11-02,2533848,270377,9
2020-11-03,2746653,270377,9
2020-11-04,2806047,270377,9
2020-11-05,2851113,270377,9
2020-11-06,2867702,270377,9
2020-11-09,2929502,309313,9
2020-11-10,3045824,309313,9
2020-11-11,3037404,672230,8
2020-11-12,3086282,672230,8
2020-11-13,3102791,672230,8
2020-11-16,3132013,25,10
2020-11-17,3349799,25,10
2020-11-18,3346721,25,10
2020-11-19,3335221,25,10
2020-11-20,3345898,25,10
2020-11-23,3287046,364379,9
2020-11-24,3488832,364379,9
2020-11-25,3463882,364379,9
2020-11-26,3485361,364379,9
2020-11-27,3505233,364379,9
2020-11-30,3507386,86,10
2020-12-01,3902887,86,10
2020-12-02,3883722,86,10
2020-12-03,3878704,86,10
2020-12-04,3898194,86,10
2020-12-07,3902841,436115,9
2020-12-08,4251500,436115,9
2020-12-09,4258427,436115,9
2020-12-10,4229082,436115,9
2020-12-11,4247802,436115,9
2020-12-14,4282665,963333,8
2020-12-15,4607506,963333,8
2020-12-16,4656464,963333,8
2020-12-17,4680162,963333,8
2020-12-18,4707019,963333,8
2020-12-21,4684005,145,10
2020-12-22,4901100,145,10
2020-12-23,4929976,459124,9
2020-12-28,4971957,459124,9
2020-12-29,5023124,459124,9
2020-12-30,4964925,79,10
2021-01-04,5239909,79,10
2021-01-05,5272839,79,10
2021-01-07,5345288,79,10
2021-01-08,5309725,79,10
2021-01-11,5263336,618334,9
2021-01-12,5990261,618334,9
2021-01-13,6095363,618334,9
2021-01-14,6116806,618334,9
2021-01-15,6025910,618334,9
2021-01-18,6073223,676188,9
2021-01-19,6626275,676188,9
2021-01-20,6664141,676188,9
2021-01-21,6712322,676188,9
2021-01-22,6692847,676188,9
2021-01-25,6547264,729096,9
2021-01-26,7266293,729096,9
2021-01-27,7118833,729096,9
2021-01-28,7081946,1400442,8
2021-01-29,7186483,1400442,8
2021-02-01,7327791,744885,9
2021-02-02,7666447,744885,9
2021-02-03,7779635,744885,9
2021-02-04,7815081,744885,9
2021-02-05,7707977,744885,9
2021-02-08,7729085,1663474,8
2021-02-09,8248160,1663474,8
2021-02-10,8161505,2485972,7
2021-02-11,8537258,2485972,7
2021-02-12,8572372,2485972,7
2021-02-15,8562187,11,10
2021-02-16,9120530,11,10
2021-02-17,8984924,11,10
2021-02-18,8913974,11,10
2021-02-19,9044406,1842394,8
2021-02-22,9013747,47,10
2021-02-23,9418747,910464,9
2021-02-24,9596262,1838336,8
2021-02-25,9617773,1838336,8
2021-02-26,9615789,1838336,8
2021-03-01,9764552,1050059,9
2021-03-02,10423513,1050059,9
2021-03-03,10433860,1050059,9
2021-03-04,10342662,1050059,9
2021-03-05,10218560,1050059,9
2021-03-08,10396119,11,10
2021-03-09,11030087,11,10
2021-03-10,11058188,11,10
2021-03-11,11229185,11,10
2021-03-12,11167077,11,10
2021-03-15,11113269,1189521,9
2021-03-16,12055194,1189521,9
2021-03-17,11949061,1189521,9
2021-03-18,11934116,2326317,8
2021-03-19,11915778,2326317,8
2021-03-22,11987297,158,10
2021-03-23,12616174,158,10
2021-03-24,12561187,158,10
2021-03-25,12504783,1166605,9
2021-03-26,12721939,2550462,8
2021-03-29,12791217,33,10
2021-03-30,14011128,33,10
2021-03-31,14268603,33,10
2021-04-01,14440381,33,10
2021-04-06,14770435,33,10
2021-04-07,14771987,1666098,9
2021-04-08,15918845,1666098,9
2021-04-09,15990978,1666098,9
2021-04-12,15789362,1666098,9
2021-04-13,15988134,1666098,9
2021-04-14,16120917,28,10
2021-04-15,16502933,28,10
2021-04-16,16818706,28,10
2021-04-19,16819220,28,10
2021-04-20,16678387,28,10
2021-04-21,16791808,3778688,8
2021-04-22,18685092,3778688,8
2021-04-23,18800340,3778688,8
2021-04-26,18964634,3778688,8
2021-04-27,18939492,3778688,8
2021-04-28,18788356,13,10
2021-04-29,19622412,13,10
2021-04-30,19703602,13,10
2021-05-03,19951889,13,10
2021-05-04,19215846,13,10
2021-05-05,19462635,2352745,8
2021-05-06,20387376,2352745,8
2021-05-07,20702361,4253307,7
2021-05-10,20645079,4253307,7
2021-05-11,20355963,4253307,7
2021-05-12,20517687,2157211,9
2021-05-14,21925023,2157211,9
2021-05-17,22130864,2157211,9
2021-05-18,22405506,2157211,9
2021-05-19,22109747,2157211,9
2021-05-20,22332320,2456878,9
2021-05-21,23854041,2456878,9
2021-05-24,23852260,2456878,9
2021-05-25,23798173,2456878,9
2021-05-26,23672990,2456878,9
2021-05-27,23801665,2483175,9
2021-05-28,25186590,2483175,9
2021-05-31,25307981,2483175,9
2021-06-01,25393432,2483175,9
2021-06-02,25305750,2483175,9
2021-06-03,25222819,2716758,9
2021-06-04,26638417,2716758,9
2021-06-07,26682960,2716758,9
2021-06-08,26728136,2716758,9
2021-06-09,26906410,2716758,9
2021-06-10,26777183,8622641,7
2021-06-11,28161931,8622641,7
2021-06-14,28200368,11241696,6
2021-06-15,28512690,11241696,6
2021-06-16,28546917,11241696,6
2021-06-17,28513243,2981609,9
2021-06-18,29238698,2981609,9
2021-06-21,29079619,2981609,9
2021-06-22,28947756,2981609,9
2021-06-23,28795737,2981609,9
2021-06-24,29210770,3043367,9
2021-06-28,30248184,3043367,9
2021-06-29,30557655,6256942,8
2021-06-30,30566885,6256942,8
2021-07-01,30483072,6256942,8
2021-07-02,30718348,49,10
2021-07-05,33077029,49,10
2021-07-06,33219808,49,10
2021-07-07,33632322,49,10
2021-07-08,33169626,49,10
2021-07-09,33339964,3732699,9
2021-07-12,36129841,3732699,9
2021-07-13,35954917,3732699,9
2021-07-14,35682701,6995317,8
2021-07-15,36070646,6995317,8
2021-07-16,36150600,3793414,9
2021-07-19,36748053,3793414,9
2021-07-20,36874744,7772170,8
2021-07-21,38119913,11871127,7
2021-07-22,38894450,11871127,7
2021-07-23,39349976,4248247,9
2021-07-26,41580555,4248247,9
2021-07-27,41401893,4248247,9
2021-07-28,41514094,4248247,9
2021-07-29,41616748,4248247,9
2021-07-30,41342574,4706035,9
2021-08-02,45459017,4706035,9
2021-08-03,45507876,4706035,9
2021-08-04,45863295,4706035,9
2021-08-05,45450215,9412738,8
2021-08-06,45711670,9915701,8
2021-08-09,48600833,9915701,8
2021-08-10,49119147,9915701,8
2021-08-11,49031505,9915701,8
2021-08-12,49116133,9915701,8
2021-08-13,49146365,48,10
2021-08-16,52054971,48,10
2021-08-17,51814008,48,10
2021-08-18,52078472,48,10
2021-08-19,51600865,48,10
2021-08-20,51734745,5892797,9
2021-08-23,57096718,5892797,9
2021-08-24,56728867,5892797,9
2021-08-25,56856422,5892797,9
2021-08-26,57224605,5892797,9
2021-08-27,57514552,6497278,9
2021-08-30,61429047,6497278,9
2021-08-31,61284422,6497278,9
2021-09-01,61311102,6497278,9
2021-09-02,63536789,6497278,9
2021-09-03,63588613,6672731,9
2021-09-06,67341053,6672731,9
2021-09-07,66700820,6672731,9
2021-09-08,65883772,6672731,9
2021-09-09,65731027,13218147,8
2021-09-10,65593475,8046177,8
2021-09-13,69996788,8046177,8
2021-09-14,70117232,8046177,8
2021-09-15,69272892,8046177,8
2021-09-16,69563286,8046177,8
2021-09-17,69854576,15305856,8
2021-09-20,75462585,15305856,8
2021-09-21,74992878,15305856,8
2021-09-22,76487481,23579295,7
2021-09-23,78226209,23579295,7
2021-09-24,77159469,8230325,9
2021-09-27,79281927,8230325,9
2021-09-28,77385000,15544548,8
2021-09-29,77475999,40408649,5
2021-09-30,80396788,59000658,3
2021-10-01,83106448,32,10
2021-10-04,83760425,32,10
2021-10-05,84215901,16354948,8
2021-10-06,84231043,16354948,8
2021-10-07,85313604,24865801,7
2021-10-08,86284852,55,10
2021-10-11,89671577,55,10
2021-10-12,91538811,55,10
2021-10-13,94471060,55,10
2021-10-14,95724524,55,10
2021-10-15,95913112,165,10
2021-10-18,105243975,165,10
2021-10-19,106141942,165,10
2021-10-20,104994274,165,10
2021-10-21,106337800,165,10
2021-10-22,106706258,11647892,9
2021-10-25,111486729,11647892,9
2021-10-26,112964320,11647892,9
2021-10-27,112332641,11647892,9
2021-10-28,111657725,11647892,9
2021-10-29,110065355,11672988,9
2021-11-01,115445581,11672988,9
2021-11-02,115603367,11672988,9
2021-11-03,115861048,11672988,9
2021-11-04,118082544,11672988,9
2021-11-05,118906485,26608852,8
2021-11-08,127825949,26608852,8
2021-11-09,127959232,26608852,8
2021-11-10,127871527,26608852,8
2021-11-11,129426702,26608852,8
2021-11-12,131734989,27497042,8
2021-11-15,139457023,27497042,8
2021-11-16,139214605,27497042,8
2021-11-17,138088029,27497042,8
2021-11-18,138036955,40334364,7
2021-11-19,137610829,29794715,8
2021-11-22,147136026,29794715,8
2021-11-23,144082072,29794715,8
2021-11-24,143048569,58093747,6
2021-11-25,144354890,73817241,5
2021-11-26,143913710,30342087,8
2021-11-29,151351408,43543199,7
2021-11-30,151429226,43543199,7
2021-12-01,153110549,43543199,7
2021-12-02,151394340,43543199,7
2021-12-03,150415306,33002296,8
2021-12-06,166366975,33002296,8
2021-12-07,168217524,33002296,8
2021-12-08,168752883,33002296,8
2021-12-09,168161431,33002296,8
2021-12-10,167477140,35789844,8
2021-12-13,177004947,35789844,8
2021-12-14,174653013,35789844,8
2021-12-15,175429072,55140966,7
2021-12-16,176775515,55140966,7
2021-12-17,177996683,20599769,8
2021-12-20,181651534,20599769,8
2021-12-21,183919432,20599769,8
2021-12-22,185501778,20599769,8
2021-12-23,187575536,20599769,8
2021-12-27,190399679,40454821,8
2021-12-28,205207669,40454821,8
2021-12-29,204860034,40454821,8
2021-12-30,205320049,40454821,8
2022-01-03,206416251,40454821,8
2022-01-04,206386981,21745795,9
2022-01-05,216263566,21745795,9
2022-01-07,210978773,21745795,9
2022-01-10,205496657,43102398,8
2022-01-11,209808817,106275366,5
2022-01-12,211555421,43886499,8
2022-01-13,219089956,43886499,8
2022-01-14,214246908,43886499,8
2022-01-17,215441663,134963131,4
2022-01-18,221130138,134963131,4
2022-01-19,221960467,118,8
2022-01-20,237595366,118,8
2022-01-21,232567073,118,8
2022-01-24,220056557,118,8
2022-01-25,218482249,118218627,4
2022-01-26,233135947,11,10
2022-01-27,240138024,11,10
2022-01-28,238191925,11,10
2022-01-31,242400229,24064520,9
2022-02-01,245658738,24064520,9
2022-02-02,247877184,25667164,9
2022-02-03,250184446,25667164,9
2022-02-04,249413758,51114903,8
2022-02-07,250190662,78912741,7
2022-02-08,250935873,78912741,7
2022-02-09,255050253,54666370,8
2022-02-10,266887053,54666370,8
2022-02-11,263922426,82150316,7
2022-02-14,262779510,107613730,6
2022-02-15,265571616,188065466,3
2022-02-16,269480166,56505517,8
2022-02-17,278194462,56505517,8
2022-02-18,274386256,56505517,8
2022-02-21,266787270,112969405,6
2022-02-22,275056873,253959999,1
2022-02-23,281961931,159,10
2022-02-24,276752203,159,10
2022-02-25,282235174,62919963,8
2022-02-28,298003243,62919963,8
2022-03-01,288576713,62919963,8
2022-03-02,289075748,30623929,9
2022-03-03,292625289,30623929,9
2022-03-04,286062704,119304350,6
2022-03-07,297611680,181345073,4
2022-03-08,303696725,181345073,4
2022-03-09,307961949,31020875,9
2022-03-10,314669939,31020875,9
2022-03-11,323191041,31020875,9
2022-03-14,328489504,31020875,9
2022-03-15,323990340,31020875,9
2022-03-16,337014374,55,10
2022-03-17,350735861,55,10
2022-03-18,354979765,55,10
2022-03-21,352243039,55,10
2022-03-22,353990961,55,10
2022-03-23,345169571,77733906,8
2022-03-24,379974412,77733906,8
2022-03-25,379692384,77733906,8
2022-03-28,382610733,119937320,7
2022-03-29,398554021,119937320,7
2022-03-30,397186322,40714225,9
2022-03-31,401198663,40714225,9
2022-04-01,404463871,40714225,9
2022-04-04,413625910,40714225,9
2022-04-05,412546577,40714225,9
2022-04-06,405374656,78,10
2022-04-07,449408205,78,10
2022-04-08,455390812,78,10
2022-04-11,450348194,78,10
2022-04-12,462943843,78,10
2022-04-13,467691010,59,10
2022-04-14,489487436,59,10
2022-04-19,488924732,59,10
2022-04-20,488957398,59,10
2022-04-21,505006050,55243412,9
2022-04-22,509740686,57872591,9
2022-04-25,552972367,103186858,8
2022-04-26,545596649,103186858,8
2022-04-27,549342665,160109699,7
2022-04-28,550888940,226860678,6
2022-04-29,565202679,117554292,8
2022-05-02,578622469,117554292,8
2022-05-03,577213184,174962083,7
2022-05-04,577112321,294306508,5
2022-05-05,583320964,294306508,5
2022-05-06,577419192,74,10
2022-05-09,570844081,74,10
2022-05-10,571614802,171743834,7
2022-05-11,583533097,171743834,7
2022-05-12,585323505,171743834,7
2022-05-13,593098376,127118959,8
2022-05-16,637771222,127118959,8
2022-05-17,647817614,127118959,8
2022-05-18,641881150,127118959,8
2022-05-19,634477011,127118959,8
2022-05-20,642395873,65427021,9
2022-05-23,651075297,65427021,9
2022-05-24,644270990,65427021,9
2022-05-25,646350591,133799020,8
2022-05-27,663802669,133799020,8
2022-05-30,665128351,70981673,9
2022-05-31,697443746,70981673,9
2022-06-01,690940471,70981673,9
2022-06-02,697876659,145393360,8
2022-06-03,701251879,228210157,7
2022-06-07,716614192,78319399,9
2022-06-08,775041275,78319399,9
2022-06-09,741152945,78319399,9
2022-06-10,727077072,293051862,6
2022-06-13,732065575,523989286,3
2022-06-14,742055527,84938061,8
2022-06-15,777573258,84938061,8
2022-06-16,754730477,84938061,8
2022-06-17,762175745,252195873,6
2022-06-20,777804463,252195873,6
2022-06-21,780008589,155966002,8
2022-06-22,786660495,155966002,8
2022-06-23,780090536,155966002,8
2022-06-27,804734749,237393061,7
2022-06-28,805633597,237393061,7
2022-06-29,807114944,167016698,8
2022-06-30,812852403,167016698,8
2022-07-01,822025031,252223731,7
2022-07-04,832540421,252223731,7
2022-07-05,835813353,252223731,7
2022-07-06,851513183,86596991,9
2022-07-07,885975660,86596991,9
2022-07-08,889204228,86596991,9
2022-07-11,886688541,86596991,9
2022-07-12,903873838,86596991,9
2022-07-13,896628370,196095588,8
2022-07-14,951450618,196095588,8
2022-07-15,955582051,196095588,8
2022-07-18,962582967,364003905,6
2022-07-19,969873008,364003905,6
2022-07-20,972774337,205428693,8
2022-07-21,1060099355,205428693,8
2022-07-22,1071822022,205428693,8
2022-07-25,1059018478,205428693,8
2022-07-26,1044939228,205428693,8
2022-07-27,1045779840,225722431,8
2022-07-28,1138131576,225722431,8
2022-07-29,1156473939,225722431,8
2022-08-01,1149343609,225722431,8
2022-08-02,1136653886,225722431,8
2022-08-03,1142855270,119,10
2022-08-04,1201130802,119,10
2022-08-05,1178550339,119,10
2022-08-08,1189237261,119,10
2022-08-09,1165475449,119,10
2022-08-10,1198062863,370191062,7
2022-08-11,1207336376,370191062,7
2022-08-12,1205550510,488152629,6
2022-08-15,1225668486,488152629,6
2022-08-16,1227586773,488152629,6
2022-08-17,1232489164,262602646,8
2022-08-18,1302336661,262602646,8
2022-08-19,1292948024,262602646,8
2022-08-22,1264977914,262602646,8
2022-08-23,1264061283,663105572,5
2022-08-24,1303880061,131284768,9
2022-08-25,1326950109,131284768,9
2022-08-26,1308901609,131284768,9
2022-08-29,1293172798,131284768,9
2022-08-30,1301336131,384531535,7
2022-08-31,1314226469,134723100,9
2022-09-01,1317080613,134723100,9
2022-09-02,1333630248,134723100,9
2022-09-05,1309412417,134723100,9
2022-09-06,1311535623,389283957,7
2022-09-07,1291190452,136028297,9
2022-09-08,1347781863,261655650,8
2022-09-09,1367177459,261655650,8
2022-09-12,1385843171,261655650,8
2022-09-13,1364815643,261655650,8
2022-09-14,1353533320,283395164,8
2022-09-15,1423611610,283395164,8
2022-09-16,1405358021,283395164,8
2022-09-19,1405522244,283395164,8
2022-09-20,1378055853,283395164,8
2022-09-21,1385522513,42,10
2022-09-22,1426822312,42,10
2022-09-23,1404068752,129052730,9
2022-09-26,1391889205,562112759,6
2022-09-27,1429365728,719675171,5
2022-09-28,1451246880,166262476,8
2022-09-29,1464369797,166262476,8
2022-09-30,1519594644,340392650,7
2022-10-03,1536168244,340392650,7
2022-10-04,1592732738,340392650,7
2022-10-05,1541555090,151643995,9
2022-10-06,1608464705,151643995,9
2022-10-07,1595391072,294531635,8
2022-10-10,1588072083,294531635,8
2022-10-11,1583334718,294531635,8
2022-10-12,1575776399,168092222,9
2022-10-13,1689424607,168092222,9
2022-10-14,1696886093,168092222,9
2022-10-17,1736887217,168092222,9
2022-10-18,1758994107,168092222,9
2022-10-19,1737454725,49,10
2022-10-20,1853550074,49,10
2022-10-21,1815926463,49,10
2022-10-24,1850801601,178080517,9
2022-10-25,1893924637,178080517,9
2022-10-26,1907724538,208419481,9
2022-10-27,2021669237,208419481,9
2022-10-28,2014607946,208419481,9
2022-10-31,2011721631,208419481,9
2022-11-01,2035590215,413307950,8
2022-11-02,2035004478,218913663,9
2022-11-03,2130437471,218913663,9
2022-11-04,2137985263,415886078,8
2022-11-07,2135823093,415886078,8
2022-11-08,2146850589,648666194,7
2022-11-09,2149392278,227561096,9
2022-11-10,2281938597,227561096,9
2022-11-11,2313799908,227561096,9
2022-11-14,2316264596,227561096,9
2022-11-15,2297401471,227561096,9
2022-11-16,2236058535,490161945,8
2022-11-17,2421150426,490161945,8
2022-11-18,2448372549,490161945,8
2022-11-21,2436296380,490161945,8
2022-11-22,2441861445,490161945,8
2022-11-23,2476151583,117,10
2022-11-24,2561245911,117,10
2022-11-25,2585113016,117,10
2022-11-28,2571651910,117,10
2022-11-29,2551221617,117,10
2022-11-30,2572733643,561470070,8
2022-12-01,2773621046,561470070,8
2022-12-02,2772538348,561470070,8
2022-12-05,2788278412,561470070,8
2022-12-06,2742424595,561470070,8
2022-12-07,2707178443,62,10
2022-12-08,2818649900,62,10
2022-12-09,2855371572,62,10
2022-12-12,2872000607,62,10
2022-12-13,2896284459,62,10
2022-12-14,2904412318,314454202,9
2022-12-15,2997035744,314454202,9
2022-12-16,2948249271,314454202,9
2022-12-19,2937110573,898111511,7
2022-12-20,2929475925,1211169450,6
2022-12-21,2969288770,305286121,9
2022-12-22,3011887550,305286121,9
2022-12-23,3021962899,305286121,9
2022-12-27,3042536714,305286121,9
2022-12-28,3012209190,305286121,9
2022-12-29,3060693612,316419782,9
2022-12-30,3145681145,316419782,9
2023-01-02,3205589873,316419782,9
2023-01-03,3228478092,316419782,9
2023-01-04,3270950148,316419782,9
2023-01-05,3316407072,354675407,9
2023-01-09,3553148411,354675407,9
2023-01-10,3569504628,354675407,9
2023-01-11,3597845831,354675407,9
2023-01-12,3644206807,354675407,9
2023-01-13,3649341461,782338244,8
2023-01-16,3872434661,782338244,8
2023-01-17,3842983378,782338244,8
2023-01-18,3868960308,782338244,8
2023-01-19,3787957852,782338244,8
2023-01-20,3836047182,406562676,9
2023-01-23,4137969317,406562676,9
2023-01-24,4155108422,406562676,9
2023-01-25,4131550729,406562676,9
2023-01-26,4174617346,406562676,9
2023-01-27,4151932630,436618633,9
2023-01-30,4270564326,436618633,9
2023-01-31,4281210719,436618633,9
2023-02-01,4308874864,436618633,9
2023-02-02,4497448181,436618633,9
2023-02-03,4479607678,468778886,9
2023-02-06,4527951884,468778886,9
2023-02-07,4409367145,468778886,9
2023-02-08,4413220192,1299334127,7
2023-02-09,4512962739,1299334127,7
2023-02-10,4367080112,469217939,9
2023-02-13,4769376096,469217939,9
2023-02-14,4754771133,469217939,9
2023-02-15,4861517170,469217939,9
2023-02-16,4909645328,469217939,9
2023-02-17,4877017106,518285947,9
2023-02-20,5091423381,518285947,9
2023-02-21,4994727775,518285947,9
2023-02-22,4948615788,518285947,9
2023-02-23,4941860369,1580024786,7
2023-02-24,4972992221,1060057544,8
2023-02-27,5258149394,1636678273,7
2023-02-28,5335684165,1636678273,7
2023-03-01,5313685974,1636678273,7
2023-03-02,5348331169,1636678273,7
2023-03-03,5411591094,549312896,9
2023-03-06,5534816190,549312896,9
2023-03-07,5502962778,549312896,9
2023-03-08,5590801106,549312896,9
2023-03-09,5551539001,549312896,9
2023-03-10,5428564403,584211067,9
2023-03-13,5639347435,584211067,9
2023-03-14,5727149849,584211067,9
2023-03-15,5533391309,584211067,9
2023-03-16,5587507260,3524097552,4
2023-03-17,5809928515,665677337,8
2023-03-20,5888422333,665677337,8
2023-03-21,5938210920,1240165253,7
2023-03-22,5933858983,1869092372,6
2023-03-23,5878176822,2512286885,5
2023-03-24,5833115944,582644648,9
2023-03-27,6130819713,1220448897,8
2023-03-28,6118240005,1220448897,8
2023-03-29,6143511844,1220448897,8
2023-03-30,6319986682,1220448897,8
2023-03-31,6408633390,64,10
2023-04-03,6612497527,64,10
2023-04-04,6654427122,64,10
2023-04-05,6540377155,64,10
2023-04-06,6520166104,1281706166,8
2023-04-11,6649020107,135,10
2023-04-12,6709414491,135,10
2023-04-13,6751724311,135,10
2023-04-14,6834774495,135,10
2023-04-17,6898225609,135,10
2023-04-18,6919219302,116,10
2023-04-19,7148055547,116,10
2023-04-20,7086082998,116,10
2023-04-21,7131488451,116,10
2023-04-24,7107496230,116,10
2023-04-25,7077146317,49,10
2023-04-26,7411047248,49,10
2023-04-27,7482408081,769409115,9
2023-04-28,7600008197,769409115,9
2023-05-02,7490513704,769409115,9
2023-05-03,7474110085,784932646,9
2023-05-04,7677545869,784932646,9
2023-05-05,7793752161,784932646,9
2023-05-08,7788667949,784932646,9
2023-05-09,7695018371,784932646,9
2023-05-10,7696748932,2364294146,7
2023-05-11,8016516021,2364294146,7
2023-05-12,7982020872,2364294146,7
2023-05-15,8090832728,2364294146,7
2023-05-16,8043794675,2364294146,7
2023-05-17,7999403494,1683905860,8
2023-05-19,8409375364,1683905860,8
2023-05-22,8334179444,1683905860,8
2023-05-23,8331636817,2476854004,7
2023-05-24,7789668019,2476854004,7
2023-05-25,7730629614,1618359241,8
2023-05-26,8197228966,1618359241,8
2023-05-29,8143659419,1618359241,8
2023-05-30,8145644543,1618359241,8
2023-05-31,8155485077,1618359241,8
2023-06-01,8095398002,49,10
2023-06-02,8561979053,49,10
2023-06-05,8588991337,49,10
2023-06-07,8645768941,49,10
2023-06-08,8653174864,49,10
2023-06-09,8733873665,921420742,9
2023-06-12,9175695310,921420742,9
2023-06-13,9167157553,921420742,9
2023-06-14,9158397143,921420742,9
2023-06-15,9113638103,921420742,9
2023-06-16,9032323452,961552422,9
2023-06-19,9179013251,1895378088,8
2023-06-20,9194897154,1895378088,8
2023-06-21,9072337114,1895378088,8
2023-06-22,9057893551,4694143879,5
2023-06-26,9170970478,1858512862,8
2023-06-27,9379802960,1858512862,8
2023-06-28,9480084367,1858512862,8
2023-06-29,9497126763,1858512862,8
2023-06-30,9555511635,1858512862,8
2023-07-03,9536722436,989204909,9
2023-07-04,9930216098,989204909,9
2023-07-05,9816536128,989204909,9
2023-07-06,9619144065,989204909,9
2023-07-07,9853388048,1919723053,8
2023-07-10,9706158152,972613786,9
2023-07-11,9880939684,972613786,9
2023-07-12,9855841259,972613786,9
2023-07-13,9873032240,1904890851,8
2023-07-14,9879283931,1904890851,8
2023-07-17,9933252309,109,10
2023-07-18,10560761792,109,10
2023-07-19,10555486302,109,10
2023-07-20,10661158315,109,10
2023-07-21,10866131773,999813648,9
2023-07-24,10908152153,1122667694,9
2023-07-25,11287659214,1122667694,9
2023-07-26,11283642331,1122667694,9
2023-07-27,11354967040,1122667694,9
2023-07-28,11417558955,1122667694,9
2023-07-31,11389031015,1185525798,9
2023-08-01,11649185864,1185525798,9
2023-08-02,11442225116,1185525798,9
2023-08-03,11335463527,2346916899,8
2023-08-04,11481307690,2346916899,8
2023-08-07,11463659228,107,9
2023-08-08,11591802119,1120625703,8
2023-08-09,11635251302,1120625703,8
2023-08-10,11745297574,1120625703,8
2023-08-11,11671044379,1120625703,8
2023-08-14,11688212905,88,10
2023-08-15,11982153993,88,10
2023-08-16,11901340248,88,10
2023-08-17,11688757563,1054233874,9
2023-08-18,11536772076,3188916812,7
2023-08-21,11568270774,56,10
2023-08-22,12008954879,56,10
2023-08-23,11932502841,56,10
2023-08-24,11728509719,2316916972,8
2023-08-25,11820463200,4742857832,6
2023-08-28,11990044387,1,10
2023-08-29,12447398694,1,10
2023-08-30,12390079023,1,10
2023-08-31,12539449425,1,10
2023-09-01,12482364381,1,10
2023-09-04,12511855968,1319834234,9
2023-09-05,12883248347,1319834234,9
2023-09-06,13047720235,1319834234,9
2023-09-07,13001795414,1319834234,9
2023-09-08,12942355402,1319834234,9
2023-09-11,13021445444,2705454228,8
2023-09-12,13111859314,2705454228,8
2023-09-13,13035584233,2705454228,8
2023-09-14,13159407728,2705454228,8
2023-09-15,13097001649,4028573696,7
2023-09-18,13066735397,83,10
2023-09-19,13337147398,83,10
2023-09-20,13601784670,1321035899,9
2023-09-21,13407765034,2749076539,8
2023-09-22,13467458685,5345707261,6
2023-09-25,13447647895,2775093537,8
2023-09-26,13800095175,2775093537,8
2023-09-27,13861112873,2775093537,8
2023-09-28,13928996310,2775093537,8
2023-09-29,14054857462,4099944208,7
2023-10-02,13949933721,1416918865,9
2023-10-03,13817918538,1416918865,9
2023-10-04,13642867126,2717721594,8
2023-10-05,13788470233,4096534234,7
2023-10-06,13849616367,4096534234,7
2023-10-09,13757625932,52,10
2023-10-10,14866100893,52,10
2023-10-11,14698337644,52,10
2023-10-12,14599051663,52,10
2023-10-13,14313802280,52,10
2023-10-16,14303455090,137,10
2023-10-17,14475352651,1549335158,9
2023-10-18,14530886610,2976694752,8
2023-10-19,14396694356,2976694752,8
2023-10-20,14274911579,5757131789,6
2023-10-23,14156776542,2886834708,8
2023-10-24,14562005777,4337868929,7
2023-10-25,14436212481,4337868929,7
2023-10-26,14457648717,5793507316,6
2023-10-27,14626945553,5793507316,6
2023-10-30,14616333118,1469847955,9
2023-10-31,15012093420,1469847955,9
2023-11-01,14961177468,1469847955,9
2023-11-02,15420531483,1469847955,9
2023-11-03,15688385522,1469847955,9
2023-11-06,15473025791,1646389159,9
2023-11-07,16080585276,1646389159,9
2023-11-08,16057191942,1646389159,9
2023-11-09,16397947412,1646389159,9
2023-11-10,16197748576,1646389159,9
2023-11-13,16212437013,1724793515,9
2023-11-14,17263974974,1724793515,9
2023-11-15,17232436792,1724793515,9
2023-11-16,17021467575,1724793515,9
2023-11-17,17347953255,1724793515,9
2023-11-20,17381982513,143,10
2023-11-21,17932037682,143,10
2023-11-22,18072092696,143,10
2023-11-23,18185032618,143,10
2023-11-24,18234775890,143,10
2023-11-27,18213883795,2343980318,8
2023-11-28,18896534794,2343980318,8
2023-11-29,18911621257,2343980318,8
2023-11-30,18917832622,2343980318,8
2023-12-01,19045711556,2343980318,8
2023-12-04,19122339414,80,10
2023-12-05,20280631714,80,10
2023-12-06,20881422684,80,10
2023-12-07,20720137737,80,10
2023-12-08,21028741800,80,10
2023-12-11,21291096673,24,9
2023-12-12,21009955800,24,9
2023-12-13,20861593115,2016122287,8
2023-12-14,22238972400,4693326342,7
2023-12-15,22606587541,4693326342,7
2023-12-18,22499673832,4572870197,8
2023-12-19,23059844852,4572870197,8
2023-12-20,22938561920,4572870197,8
2023-12-21,22787365747,4572870197,8
2023-12-22,22820839698,4572870197,8
2023-12-27,23012582673,78,10
2023-12-28,23460956443,78,10
2023-12-29,23401281494,78,10
2024-01-02,23288791888,78,10
2024-01-03,22859616018,78,10
2024-01-04,22984862461,4835547320,8
2024-01-05,23590062044,4835547320,8
2024-01-08,23851729386,7093942387,7
2024-01-09,23791297058,7093942387,7
2024-01-10,23751477567,7093942387,7
2024-01-11,23632164025,2411397011,9
2024-01-12,24232232807,2411397011,9
2024-01-15,23941555419,2411397011,9
2024-01-16,23688430017,4886890562,8
2024-01-17,23679471919,7185766907,7
2024-01-18,23826887583,2477064042,9
2024-01-19,24215076067,2477064042,9
2024-01-22,24379031515,2477064042,9
2024-01-23,24639447855,2477064042,9
2024-01-24,24779036130,2477064042,9
2024-01-25,24894517669,5141041193,8
2024-01-26,25659206634,5141041193,8
2024-01-29,25878794044,5141041193,8
2024-01-30,25726551837,5141041193,8
2024-01-31,25893440747,5141041193,8
2024-02-01,25755139579,5328702127,8
2024-02-02,26641014144,5328702127,8
2024-02-05,26347472426,5328702127,8
2024-02-06,26854693312,7905742248,7
2024-02-07,27519813132,7905742248,7
2024-02-08,27471397821,2811072022,9
2024-02-09,28058824560,2811072022,9
2024-02-12,28593826202,2811072022,9
2024-02-13,28468293731,2811072022,9
2024-02-14,28544047167,5787086214,8
2024-02-15,28359426394,20,10
2024-02-16,29317146120,20,10
2024-02-19,29303123087,2613388036,9
2024-02-20,29243503473,2613388036,9
2024-02-21,29291839087,2613388036,9
2024-02-22,29263678888,78,9
2024-02-23,30836561556,78,9
2024-02-26,30677407423,78,9
2024-02-27,30673432907,3561752839,8
2024-02-28,30866478500,3561752839,8
2024-02-29,31249914482,3196522370,9
2024-03-01,32111659215,3196522370,9
2024-03-04,31562895907,6338802849,8
2024-03-05,31193839427,9379162813,7
2024-03-06,31573557718,9379162813,7
2024-03-07,31639921191,211,10
2024-03-08,31940009566,211,10
2024-03-11,31818094538,3458043128,9
2024-03-12,32520734168,3458043128,9
2024-03-13,32291586444,6603145433,8
2024-03-14,32201300857,17,10
2024-03-15,33062804666,3002172856,9
2024-03-18,33050215063,3002172856,9
2024-03-19,33001945742,3002172856,9
2024-03-20,33149885609,3002172856,9
2024-03-21,33634737498,3441967909,9
2024-03-22,34363138941,3441967909,9
2024-03-25,34520213969,3441967909,9
2024-03-26,35027004877,3441967909,9
2024-03-27,35678032321,3441967909,9
2024-03-28,35297613414,3685571946,9
2024-04-02,36840386608,3685571946,9
2024-04-03,37129114183,3685571946,9
2024-04-04,37389292844,3685571946,9
2024-04-05,36682462689,3685571946,9
2024-04-08,36598458037,24,10
2024-04-09,37131952975,24,10
2024-04-10,36993416072,24,10
2024-04-11,36733542372,4011610721,9
2024-04-12,37155293164,4011610721,9
2024-04-15,37002597823,93,8
2024-04-16,37511551035,93,8
2024-04-17,37419249154,93,8
2024-04-18,37309450096,93,8
2024-04-19,36819123329,93,8
2024-04-22,37074581637,8104039154,7
2024-04-23,38615702256,8104039154,7
2024-04-24,38138619834,8104039154,7
2024-04-25,37661280071,11668527683,6
2024-04-26,38431762837,11668527683,6
2024-04-29,38980411637,7347852667,8
2024-04-30,39384046879,7347852667,8
2024-05-02,38968525585,7347852667,8
2024-05-03,39410507121,7347852667,8
2024-05-06,39639439413,7347852667,8
2024-05-07,40723168498,4401488961,9
2024-05-08,40419352828,4401488961,9
2024-05-10,41146398709,4401488961,9
2024-05-13,41366110427,4401488961,9
2024-05-14,42377550408,8691173473,8
2024-05-15,42344834856,4328284965,9
2024-05-16,43336995843,4328284965,9
2024-05-17,43142295307,4328284965,9
2024-05-20,43608142566,4328284965,9
2024-05-21,43654480224,4328284965,9
2024-05-22,43767152138,4488923351,9
2024-05-23,45077608057,4488923351,9
2024-05-24,44977787675,4488923351,9
2024-05-27,44885159766,4488923351,9
2024-05-28,45321530976,4488923351,9
2024-05-29,44313289323,196,10
2024-05-30,46542416002,196,10
2024-05-31,46438656663,4333626124,9
2024-06-03,46712795469,4333626124,9
2024-06-04,46077895561,4333626124,9
2024-06-05,46065029626,4846866151,9
2024-06-07,48139113366,4846866151,9
2024-06-10,47805184072,4846866151,9
2024-06-11,47416804575,4846866151,9
2024-06-12,47988490610,9604357504,8
2024-06-13,47837452879,169,9
2024-06-14,47477878081,169,9
2024-06-17,47400390165,8907838233,7
2024-06-18,47437188581,8907838233,7
2024-06-19,47309968002,8907838233,7
2024-06-20,47916214514,3,10
2024-06-24,48598351456,3,10
2024-06-25,48017705082,3,10
2024-06-26,47805194101,3,10
2024-06-27,47150066177,9107249183,8
2024-06-28,47540510805,9756862643,8
2024-07-01,48474463286,9756862643,8
2024-07-02,48258054875,9756862643,8
2024-07-03,48660951103,14372109173,7
2024-07-04,48705623376,14372109173,7
2024-07-05,48476595738,177,10
2024-07-08,49417690028,4396498337,9
2024-07-09,49097361040,4396498337,9
2024-07-10,48781235123,4396498337,9
2024-07-11,49340334867,14095917984,7
2024-07-12,50140734463,47,10
2024-07-15,49807375031,47,10
2024-07-16,49875637563,47,10
2024-07-17,50563292924,47,10
2024-07-18,50420509751,47,10
2024-07-19,49293669637,10170456041,8
2024-07-22,51164443164,14969857914,7
2024-07-23,51148924694,14969857914,7
2024-07-24,50749413307,14969857914,7
2024-07-25,50694635428,14969857914,7
2024-07-26,50896476158,258,10
2024-07-29,51620618551,258,10
2024-07-30,51569908953,258,10
2024-07-31,51802447695,258,10
2024-08-01,50828878282,258,10
2024-08-02,49243247945,22,10
2024-08-05,49314633626,9068096453,8
2024-08-06,49295064157,23829648152,5
2024-08-07,49946553858,23829648152,5
2024-08-08,49994094374,23829648152,5
2024-08-09,50111814826,203,10
2024-08-12,50389908142,203,10
2024-08-13,50557835931,203,10
2024-08-14,51034873327,203,10
2024-08-15,51576411255,203,10
2024-08-16,51795294705,10567417859,8
2024-08-19,52438402762,10567417859,8
2024-08-20,52219870237,10567417859,8
2024-08-21,52243543353,10567417859,8
2024-08-22,52331730661,10567417859,8
2024-08-23,52833656194,5300243977,9
2024-08-26,52881184199,5300243977,9
2024-08-27,52620508079,5300243977,9
2024-08-28,52286168112,15534330892,7
2024-08-29,52519506854,15534330892,7
2024-08-30,52731760342,10606315511,8
2024-09-02,53077154144,10606315511,8
2024-09-03,52319429207,10606315511,8
2024-09-04,52208043109,15711595278,7
2024-09-05,52517253727,15711595278,7
2024-09-06,52201050403,6103078412,8
2024-09-09,53350692532,6103078412,8
2024-09-10,53820469845,6103078412,8
2024-09-11,53260638205,6103078412,8
2024-09-12,53461270952,11347169076,7
2024-09-13,54147151911,132,10
2024-09-16,54669753850,132,10
2024-09-17,55495365038,132,10
2024-09-18,55067533142,132,10
2024-09-19,56140111401,5146052892,9
2024-09-20,55353654254,5656077961,9
2024-09-23,57085065175,5656077961,9
2024-09-24,56476283921,5656077961,9
2024-09-25,56593930134,5656077961,9
2024-09-26,56912997596,11134921701,8
2024-09-27,57061307091,11711826586,8
2024-09-30,57853436168,11711826586,8
2024-10-01,57590396523,11711826586,8
2024-10-02,57280952657,11711826586,8
2024-10-03,56745896388,11711826586,8
2024-10-04,57052020591,6746856986,8
2024-10-07,57249774130,6746856986,8
2024-10-08,56947958343,6746856986,8
2024-10-09,57414912538,6746856986,8
2024-10-10,56712442962,6746856986,8
2024-10-11,56961873981,71,10
2024-10-14,57214851466,5569950188,9
2024-10-15,57212476980,5569950188,9
2024-10-16,57045406195,5569950188,9
2024-10-17,57024314190,11345671823,8
2024-10-18,58410256732,6919686753,8
2024-10-21,58307427688,6919686753,8
2024-10-22,58223084121,6919686753,8
2024-10-23,58397195739,6919686753,8
2024-10-24,58812443369,6919686753,8
2024-10-25,59653536122,11623759396,8
2024-10-28,61596408985,11623759396,8
2024-10-29,61529207433,11623759396,8
2024-10-30,61045416049,11623759396,8
2024-10-31,60253275579,11623759396,8
2024-11-01,60424201358,6844689808,8
2024-11-04,61715050456,6844689808,8
2024-11-05,60568328304,6844689808,8
2024-11-06,59677728886,13374706953,7
2024-11-07,60415959914,19760819684,6
2024-11-08,60371425177,6077560855,9
2024-11-11,61535756945,6077560855,9
2024-11-12,60602444708,17280676704,7
2024-11-13,60438272909,17280676704,7
2024-11-14,61228214265,17280676704,7
2024-11-15,60524425535,271,10
2024-11-18,61099093831,271,10
2024-11-19,60712245590,5854740998,9
2024-11-20,59992138379,5854740998,9
2024-11-21,59596781803,11563098188,8
2024-11-22,60181327550,5951961068,9
2024-11-25,60707854552,5951961068,9
2024-11-26,60364386208,5951961068,9
2024-11-27,60756311266,5951961068,9
2024-11-28,60934729505,5951961068,9
2024-11-29,61178627258,12473150425,8
2024-12-02,62703716420,12473150425,8
2024-12-03,62942293950,12473150425,8
2024-12-04,63483862041,12473150425,8
2024-12-05,63952673516,12473150425,8
2024-12-06,64446731182,6538958952,9
2024-12-09,65031318446,6538958952,9
2024-12-10,65243080229,6538958952,9
2024-12-11,65288352837,6538958952,9
2024-12-12,65119524057,6538958952,9
2024-12-13,65007796475,13047699148,8
2024-12-16,64831147921,13047699148,8
2024-12-17,64472757366,19531779000,7
2024-12-18,65120909013,19531779000,7
2024-12-19,64229463416,19531779000,7
2024-12-20,64115081791,7273087602,8
2024-12-23,65245173360,7273087602,8
2024-12-27,65484311584,7273087602,8
2024-12-30,65449987244,7273087602,8
2025-01-02,66273778707,7273087602,8
2025-01-03,66220728590,159,10
2025-01-07,67081246954,159,10
2025-01-08,66960896187,159,10
2025-01-09,66648346153,159,10
2025-01-10,65840488883,159,10
2025-01-13,66150736363,6672727433,9
2025-01-14,68446356283,6672727433,9
2025-01-15,69848845422,6672727433,9
2025-01-16,70530459869,6672727433,9
2025-01-17,71496004377,6672727433,9
2025-01-20,71175295864,7026821853,9
2025-01-21,72621788464,7026821853,9
2025-01-22,72585859019,7026821853,9
2025-01-23,73421779184,7026821853,9
2025-01-24,73175313755,7026821853,9
2025-01-27,73563142505,15021828006,8
2025-01-28,74995680481,15021828006,8
2025-01-29,75228337674,22524912194,7
2025-01-30,75761893751,22524912194,7
2025-01-31,76173067060,22524912194,7
2025-02-03,74727546289,7662155750,9
2025-02-04,76203964988,7662155750,9
2025-02-05,75611814017,7662155750,9
2025-02-06,76217269865,14592217409,8
2025-02-07,76417618000,14592217409,8
2025-02-10,76531076712,259,10
2025-02-11,76338838789,259,10
2025-02-12,76291426571,7459006694,9
2025-02-13,77161219695,15088355744,8
2025-02-14,77068415550,15088355744,8
2025-02-17,77543763075,227,10
2025-02-18,77876997837,227,10
2025-02-19,76667113340,227,10
2025-02-20,76284083884,227,10
2025-02-21,76250533733,7247680465,9
2025-02-24,76588500923,11,10
2025-02-25,78137055037,11,10
2025-02-26,78812589393,11,10
2025-02-27,77870969176,11,10
2025-02-28,77615895440,11,10
2025-03-03,77075771819,198,10
2025-03-04,75822982955,198,10
2025-03-05,77447140104,22541121962,7
2025-03-06,78329879514,22541121962,7
2025-03-07,77588067527,22541121962,7
2025-03-10,77699264896,7708584029,9
2025-03-11,76927692383,7708584029,9
2025-03-12,76571027904,7708584029,9
2025-03-13,76927809279,22006707098,7
2025-03-14,77125959493,22006707098,7
2025-03-17,77725168543,23,10
2025-03-18,78904551897,23,10
2025-03-19,78922339268,23,10
2025-03-20,78702000573,23,10
2025-03-21,77504375178,23,10
2025-03-24,77443782020,7820910771,9
2025-03-25,78750644969,7820910771,9
2025-03-26,76671760363,15084949707,8
2025-03-27,76404036736,22347810583,7
2025-03-28,75886056036,29804361129,6
2025-03-31,75168878899,7488171520,9
2025-04-01,76948795302,7488171520,9
2025-04-02,76575553349,7488171520,9
2025-04-03,74861345170,7488171520,9
2025-04-04,72783804902,29040150889,6
2025-04-07,71893617714,14411548791,8
2025-04-08,73044539134,22074598671,7
2025-04-09,72450329632,22074598671,7
2025-04-10,74413188938,22074598671,7
2025-04-11,74786865324,22074598671,7
2025-04-14,76608439565,7672773611,9
2025-04-15,79097030557,7672773611,9
2025-04-16,78610678870,7672773611,9
2025-04-17,78194865862,7672773611,9
2025-04-22,79016582115,7672773611,9
2025-04-23,80346154135,8082250772,9
2025-04-24,80940106456,8082250772,9
2025-04-25,81506022794,8082250772,9
2025-04-28,81344716424,8082250772,9
2025-04-29,83199810580,8082250772,9
2025-04-30,85020446060,8232080087,9
2025-05-02,85596083324,8232080087,9
2025-05-05,84914884967,8232080087,9
2025-05-06,83950506561,8232080087,9
2025-05-07,82572004314,15165926070,8
2025-05-08,84072237902,8339206863,9
2025-05-09,84381552313,8339206863,9
2025-05-12,87618603528,8339206863,9
2025-05-13,87596485427,8339206863,9
2025-05-14,87207754450,8339206863,9
2025-05-15,87606288968,17483335013,8
2025-05-16,87721338416,17483335013,8
2025-05-19,87961164592,17483335013,8
2025-05-20,88153762562,17483335013,8
2025-05-21,87872435113,17483335013,8
2025-05-22,86693559260,8852440024,9
2025-05-23,87849464313,8852440024,9
2025-05-26,89716670809,17219645519,8
2025-05-27,89523085089,17219645519,8
2025-05-28,89470356627,17219645519,8
2025-05-30,89248057452,8877244257,9
2025-06-02,87931618958,8877244257,9
2025-06-03,88846429517,17115230015,8
2025-06-04,89876283798,17115230015,8
2025-06-05,89735775358,17115230015,8
2025-06-09,89546007036,9003053409,9
2025-06-10,90742440324,9003053409,9
2025-06-11,90265297989,9003053409,9
2025-06-12,90573082302,9003053409,9
2025-06-13,89158184059,9003053409,9
2025-06-16,90388047139,178,9
2025-06-17,88954290623,178,9
2025-06-18,88797026949,178,9
2025-06-19,87809224839,178,9
2025-06-23,87213031288,178,9
2025-06-24,88065962239,9769248784,8
2025-06-25,88363459026,9769248784,8
2025-06-26,88643636173,9769248784,8
2025-06-27,90733998589,9769248784,8
2025-06-30,90535364816,9769248784,8
2025-07-01,90498292216,238,10
2025-07-02,92098531170,238,10
2025-07-03,92523341233,238,10
2025-07-04,92509573086,238,10
2025-07-07,91712470348,238,10
2025-07-08,91774620626,9231095934,9
2025-07-09,92480863572,9231095934,9
2025-07-10,93677879547,9231095934,9
2025-07-11,93179333758,9231095934,9
2025-07-14,92876923757,9231095934,9
2025-07-15,93106692617,9003619083,9
2025-07-16,91975935659,9003619083,9
2025-07-17,92049687740,9003619083,9
2025-07-18,91440780247,17412581870,8
2025-07-21,91205798032,17412581870,8
2025-07-22,90923701912,9056509908,9
2025-07-23,92397400471,9056509908,9
2025-07-24,92846818267,9056509908,9
2025-07-25,92262760179,9056509908,9
2025-07-28,91550254671,16767944603,8
2025-07-29,91489340684,9056955755,9
2025-07-30,91543570239,17895172778,8
2025-07-31,90577574227,17895172778,8
2025-08-01,89332221533,17895172778,8
2025-08-04,89129445820,17895172778,8
2025-08-05,89797354461,17797514264,8
2025-08-06,88936919237,17797514264,8
2025-08-07,88227066898,17797514264,8
2025-08-08,88380589972,25410246430,7
2025-08-11,87571064030,25410246430,7
2025-08-12,88046602183,8702333642,9
2025-08-13,87715672291,8702333642,9
2025-08-14,84944613369,8702333642,9
2025-08-15,85364132174,23722087980,7
2025-08-18,85682197873,23722087980,7
2025-08-19,85999647865,16946190790,8
2025-08-20,85546873511,16946190790,8
2025-08-21,85451999766,16946190790,8
2025-08-22,86488261736,16946190790,8
2025-08-25,86374766600,16946190790,8
2025-08-26,85673133225,8572944140,9
2025-08-27,85894748877,8572944140,9
2025-08-28,85737073426,8572944140,9
2025-08-29,84989351273,8572944140,9
2025-09-01,85188116162,8572944140,9
2025-09-02,83300201018,8471124620,9
2025-09-03,84404691162,16669411948,8
2025-09-04,84581465841,16669411948,8
2025-09-05,85045780406,16669411948,8
2025-09-08,85795118862,16669411948,8
2025-09-09,85655861064,8536568530,9
2025-09-10,86334520242,8536568530,9
2025-09-11,86405549046,8536568530,9
2025-09-12,86779570680,8536568530,9
2025-09-15,87568555258,8536568530,9
2025-09-16,87360811168,17572782759,8
2025-09-17,87804365381,17572782759,8
