date,daily_return,portfolio
2020-01-02,-0.20935956132096303,79064.0438679037
2020-01-03,0.09979584143862537,86954.30665324153
2020-01-07,-0.14370198223087746,74458.80042365914
2020-01-08,0.6843914930060769,125417.77001304875
2020-01-09,0.8096991975642162,226968.43775290775
2020-01-10,-0.693992229474946,69454.1056163218
2020-01-13,0.520111433017143,105577.98001735094
2020-01-14,0.4429322937428761,152341.87687517575
2020-01-15,0.7076678355779863,260149.32315131943
2020-01-16,0.6318626718142885,424527.9695483909
2020-01-17,0.39351957043211394,591588.0337614912
2020-01-20,-0.6188058138476143,225509.91906720167
2020-01-21,-0.07659409043989278,208237.19193107553
2020-01-22,-0.39965377266110624,125014.41256746632
2020-01-23,-0.23191004389409378,96022.31466155087
2020-01-24,-0.2178019232919605,75108.46984931927
2020-01-27,0.5309449470981754,114986.93240009098
2020-01-28,-0.5937243193726549,46716.39422409749
2020-01-29,-0.5913392768098588,19091.155448455414
2020-01-30,0.7584604431640486,33571.04167040465
2020-01-31,0.7946814153554178,60249.324579997534
2020-02-03,0.7850392863000519,107547.41134833897
2020-02-04,-0.24764298309718602,80914.04957765614
2020-02-05,0.06111477424115889,85859.09345053253
2020-02-06,0.3117907059299483,112629.16080797947
2020-02-07,-0.25600768911417576,83795.22962265974
2020-02-10,-0.2080385752383425,66362.58944019185
2020-02-11,-0.1658801409716171,55354.353748611284
2020-02-12,-0.19670060079346421,44466.1191097255
2020-02-13,-0.4045524971049463,26477.239587320073
2020-02-14,-0.4505943867950862,14546.744051445005
2020-02-17,-0.3822761215363208,8985.871154477061
2020-02-18,-0.3910534642386642,5471.91511031652
2020-02-19,-0.22767711657679837,4226.085255846642
2020-02-20,-0.4190079717772865,2455.3218442364455
2020-02-21,-0.5982682117967361,986.3808350996431
2020-02-24,-0.14320523150940692,845.1259392527567
2020-02-25,-0.5117144298909891,412.66280106194563
2020-02-26,-0.5957084222537432,166.83609491852368
2020-02-27,0.5551107761983044,259.44860906663934
2020-02-28,0.5625034614208698,405.38934972745403
2020-03-02,1.1905268183327493,888.016242444462
2020-03-03,0.36194453997855264,1209.4288728095057
2020-03-04,1.6789921541910904,3240.0504613088397
2020-03-05,0.29108895657949185,4183.1933693561305
2020-03-06,-0.29795170372811264,2936.8037779323276
2020-03-09,1.653958588415743,7794.155608935302
2020-03-10,1.0574498451546377,16036.08425071509
2020-03-11,-0.7618489976318771,3819.0095383674684
2020-03-12,0.4210015036238892,5426.818296374147
2020-03-13,0.5496016565169298,8409.406621677761
2020-03-16,4.907178587136596,49675.86672609958
2020-03-17,0.5676782061923938,77875.7736402242
2020-03-18,14.338838291080593,1194523.8986601958
2020-03-19,0.6508609577071963,1971992.867346305
2020-03-20,0.0023282085138667252,1976584.0779293447
2020-03-23,-0.016910571158598436,1943158.912228568
2020-03-24,4.080704384766739,9872616.005658252
2020-03-25,-0.09439666836895817,8940673.94663806
2020-03-26,-0.6489062258967574,3139014.9589516902
2020-03-27,6.104330007726827,22300598.167583887
2020-03-30,2.336237973389082,74400102.43598434
2020-03-31,1.5044639536317925,186332374.6974357
2020-04-01,1.4337915519243172,453494159.3886155
2020-04-02,0.42574131111261915,646565357.3886397
2020-04-03,2.1113689731381196,2011703392.084973
2020-04-06,1.9367988470821775,5907968202.546454
2020-04-07,-0.06347503237282244,5532959729.632212
2020-04-08,-0.26451370378517264,4069416058.6529884
2020-04-09,1.506157263319847,10198596612.863611
2020-04-14,-0.5654742949598397,4431552383.624751
2020-04-15,0.06627245844252949,4725242254.804415
2020-04-16,0.2431059453487799,5873976740.160642
2020-04-17,0.11890149654824844,6572401365.255344
2020-04-20,0.3187851326101187,8667585206.045197
2020-04-21,0.10147535376635908,9547131481.128693
2020-04-22,-0.0013989417596939797,9533775600.214453
2020-04-23,-0.021151091206267864,9332125842.954226
2020-04-24,-0.009186612541494776,9246395218.646536
2020-04-27,0.23105850900305525,11382853511.519981
2020-04-28,13.578354703086548,165943276024.21255
2020-04-29,0.025633687483466467,170197014101.7998
2020-04-30,-0.5120527703397378,83047161527.4218
2020-05-04,-0.4892037058087329,42420182351.31062
2020-05-05,-0.26177892063052477,31315472802.434494
2020-05-06,0.2686692367270532,39728976978.01136
2020-05-07,-0.16126734629203845,33321990289.86998
2020-05-08,-0.16388344260999574,27861067806.549236
2020-05-11,0.09090230254266836,30393703021.46197
2020-05-12,0.09539423639391398,33293087112.37773
2020-05-13,-0.6459540161411581,11787283782.399902
2020-05-14,0.2350223816075605,14557559289.623701
2020-05-15,1.0439084180702258,29754317978.618294
2020-05-18,47.949100413755765,1456447098478.2053
2020-05-19,0.4006271935741729,2039939412130.7756
2020-05-20,1.027138387263617,4135239490022.272
2020-05-22,0.5082836505902727,6237114114075.85
2020-05-25,0.08805385783883875,6786316073601.3
2020-05-26,2.307171691266055,22443512406598.023
2020-05-27,0.26549099955980066,28402062949058.52
2020-05-28,0.269624747949061,36059962012931.79
2020-05-29,1.241801029093424,80839259949660.27
2020-06-01,7.086004658490261,653666632541858.0
2020-06-02,0.6434971912516694,1074299274597480.8
2020-06-03,-0.09487802606793512,972371880017457.2
2020-06-04,0.21932451735839584,1185636873295161.8
2020-06-05,-0.6249679699768181,444651803462222.56
2020-06-08,1.1499138120517802,955963053817166.0
2020-06-09,1.1143893442279296,2021278094466606.5
2020-06-10,0.10580963321098376,2235148788259514.2
2020-06-11,-0.0327206074097956,2162013362256394.2
2020-06-12,0.08925908813399304,2354992703504908.0
2020-06-15,0.40112419726800635,3299637261270326.5
2020-06-16,0.518031573072444,5008953542294644.0
2020-06-17,0.4534238181260049,7280132382257658.0
2020-06-18,-0.4100767484741558,4294719366480028.0
2020-06-22,-0.255245360184215,3198512174892709.0
2020-06-23,-0.22295878926488075,2485375772929650.0
2020-06-24,0.8279809493117153,4543219564796280.0
2020-06-25,1.0975037357671125,9529420009570434.0
2020-06-26,-0.7056801482798792,2804697484195521.5
2020-06-29,0.09955400095367144,3083916340211882.5
2020-06-30,0.1642506441663322,3590451585646762.0
2020-07-01,1.3654019760543987,8492861275616499.0
2020-07-02,0.9616324846889404,1.6659872566206076e+16
2020-07-03,1.1672662164696903,3.610637898342863e+16
2020-07-06,-0.3975091936605004,2.1753761387725476e+16
2020-07-07,0.027079838881280405,2.2342849741166904e+16
2020-07-08,0.7238154516705921,3.85149496181778e+16
2020-07-09,-0.6504548584924064,1.3462713514443798e+16
2020-07-10,-0.6531860413560513,4669056968033641.0
2020-07-13,-0.23561830587420216,3568941675195415.5
2020-07-14,-0.2797753123511443,2570439903254602.0
2020-07-15,-0.37019987516159275,1618863371959372.0
2020-07-16,1.7884887202516095,4514182252337195.0
2020-07-17,0.3321932011756482,6013762905431386.0
2020-07-20,-0.00815870524739662,5964698386458244.0
2020-07-21,0.08953527783162289,6498749313671616.0
2020-07-22,0.11183975368392225,7225567836166208.0
2020-07-23,0.11783333935262075,8076980623020563.0
2020-07-24,-0.5212261720456195,3867046931196911.5
2020-07-27,-0.5411223566297049,1774501382589970.8
2020-07-28,-0.5458881383643049,805822126323046.4
2020-07-29,-0.5488265561114619,363565543894753.44
2020-07-30,-0.5358384393340548,168753150258551.94
2020-07-31,-0.5302194419373203,79276949103297.77
2020-08-03,-0.5279357108495838,37423816624461.984
2020-08-04,-0.5470558062986818,16950900446192.924
2020-08-05,-0.7036696891703601,5023065598062.631
2020-08-06,-0.7530609209911919,1240391192586.4138
2020-08-07,0.5013096745943871,1862211297711.6526
2020-08-10,-0.7108681115536813,538424669193.4398
2020-08-11,-0.4092647273886348,318066443736.67084
2020-08-12,-0.5725500085645877,135957498651.132
2020-08-13,-0.5314093130636879,63708417687.07668
2020-08-14,-0.5126104537016299,31050816791.891357
2020-08-17,-0.5190213205996375,14934780854.866508
2020-08-18,-0.5107652225854423,7306614187.265813
2020-08-19,2.218178574411596,23513989228.950634
2020-08-20,-0.3704055447524795,14804277239.29724
2020-08-21,5.272384517819462,92858119353.27505
2020-08-24,2.1192605679257945,289648670110.41797
2020-08-25,26.085297675020637,7845220451114.523
2020-08-26,29.153751946297238,236562831446925.44
2020-08-27,10.156876036689406,2639302185341597.5
2020-08-28,9.108670104861657,2.6679835098658644e+16
2020-08-31,0.13158987948184434,3.019063138388662e+16
2020-09-01,-0.22650067775471727,2.3352432913593464e+16
2020-09-02,-0.7796890471031185,5144796747654275.0
2020-09-03,-0.5379138583570167,2377339278660933.5
2020-09-04,5.810619487253319,1.61911532190609e+16
2020-09-07,-0.7935352798122265,3342901918890777.0
2020-09-08,-0.8892498339154602,370226942721480.4
2020-09-09,3.026422550698958,1490690111050100.2
2020-09-10,-0.8221813932551573,265072438635243.75
2020-09-11,11.682781281119667,3361855762863810.5
2020-09-14,37.1137306315652,1.281328649679664e+17
2020-09-15,-0.31750243613061996,8.74503681922413e+16
2020-09-16,-0.5985596687314441,3.5106104776650532e+16
2020-09-17,-0.30955482739906376,2.4238840571861028e+16
2020-09-18,0.7596416300175894,4.265167293360602e+16
2020-09-21,0.7844614800876727,7.611026741131792e+16
2020-09-22,0.7901603698614775,1.3624958445930085e+17
2020-09-23,0.44226381204962034,1.9650784507244794e+17
2020-09-24,0.9448189349459598,3.821721779623239e+17
2020-09-25,4.7154971480768015,2.184303993217962e+18
2020-09-28,0.7366262142977132,3.7933195746174874e+18
2020-09-29,0.18075612802448904,4.478985333284846e+18
2020-09-30,0.7403760837294325,7.795118953423848e+18
2020-10-01,0.8581915427419649,1.4484824113919791e+19
2020-10-02,1.8492057521838687,4.127024418475187e+19
2020-10-05,1.044181842961618,8.436388381706207e+19
2020-10-06,1.0604387326229572,1.738266138511778e+20
2020-10-07,0.9975860518772667,3.472336192741685e+20
2020-10-08,1.1587307099652053,7.495838774595134e+20
2020-10-09,0.2587244929993357,9.435195861157022e+20
2020-10-12,0.24832573075999834,1.1778197768242552e+21
2020-10-13,1.435412170673116,2.868476619337284e+21
2020-10-14,0.1177837042824184,3.2063364212103384e+21
2020-10-15,0.2656898982743306,4.0582276187949944e+21
2020-10-16,0.08105770882467005,4.3871782514635126e+21
2020-10-19,0.07188135221148523,4.7025345565715296e+21
2020-10-20,-0.07098028775162124,4.36874730058414e+21
2020-10-21,0.20238921177380406,5.252934623188297e+21
2020-10-22,0.16552298287276757,6.122416030854062e+21
2020-10-23,-0.695138495194754,1.8664889642099304e+21
2020-10-26,-0.7554248781447583,4.564967658631075e+20
2020-10-27,-0.45737883756388603,2.477048057409659e+20
2020-10-28,3.3209403543402476,1.0703176910901515e+21
2020-10-29,3.217454599973829,4.514016269721527e+21
2020-10-30,3.3649894421147497,1.970363335886867e+22
2020-11-02,3.286900303904176,8.446751183415056e+22
2020-11-03,1.7383809996904294,2.3130422949776442e+23
2020-11-04,0.30426446549165304,3.0168188725186032e+23
2020-11-05,0.2687017738365254,3.827443454907858e+23
2020-11-06,0.050263862428475616,4.0198255461781165e+23
2020-11-09,-0.21493068287133166,3.15584169651443e+23
2020-11-10,0.43012502397628777,4.5132481818930685e+23
2020-11-11,1.5194333182899584,1.1370827843172975e+24
2020-11-12,0.481160173684193,1.6842017343127144e+24
2020-11-13,0.40032358880853364,2.3584274168703365e+24
2020-11-16,-0.292248202660075,1.669181243185737e+24
2020-11-17,-0.552025529632706,7.47750583363152e+23
2020-11-18,-0.22103623519527052,5.8247060955149364e+23
2020-11-19,-0.5204008746222395,2.7935239489914735e+23
2020-11-20,-0.5598604234673848,1.229540447942826e+23
2020-11-23,22.880866971567276,2.9362491873483867e+24
2020-11-24,2.5628827170675565,1.0461511482607224e+25
2020-11-25,0.39121323737948055,1.4554193257600605e+25
2020-11-26,0.4643877920899717,2.1312982930148506e+25
2020-11-27,0.4812683371865889,3.157024678542723e+25
2020-11-30,0.4920852935448898,4.71055009421188e+25
2020-12-01,0.744916160146467,8.219514982569773e+25
2020-12-02,0.47778004572604776,1.214663522678789e+26
2020-12-03,0.500904000791028,1.8230933408035182e+26
2020-12-04,0.6859306613379476,3.0736089617416833e+26
2020-12-07,-0.21702072083291735,2.4065721293059885e+26
2020-12-08,0.3414425280719117,3.228278201123629e+26
2020-12-09,-0.34290740717202395,2.1212776935463595e+26
2020-12-10,1.0339659965462362,4.314606697905322e+26
2020-12-11,0.19273253177524372,5.146171770407039e+26
2020-12-14,0.13940726608004506,5.863585507697789e+26
2020-12-15,0.19669497274039793,7.016923299295398e+26
2020-12-16,0.1826798579993867,8.298773851203269e+26
2020-12-17,20.307770127630075,1.768283655626266e+28
2020-12-18,17.760376626375322,3.3173667361812515e+29
2020-12-21,16.944568123979515,5.952871338962805e+30
2020-12-22,16.918857875864763,1.0666865547618327e+32
2020-12-23,17.431396339498782,1.9660522660829811e+33
2020-12-28,0.31148940014265186,2.5784567070942703e+33
2020-12-29,0.19555170453305878,3.082678311231253e+33
2020-12-30,0.19601304319891624,3.686923468218987e+33
2021-01-04,4.2834158426808715,1.9479549862740101e+34
2021-01-05,0.5304920053461312,2.9813295332665053e+34
2021-01-07,-0.5006574233116381,1.4887047710984082e+34
2021-01-08,-0.08208712187619412,1.3665012811155813e+34
2021-01-11,4.283004075806026,7.219231837727772e+34
2021-01-12,-0.9132143040922654,6.265260589564781e+33
2021-01-13,-0.8502730409985313,9.380784154272836e+32
2021-01-14,-0.4702190778243742,4.969760479981161e+32
2021-01-15,8.66312137012664,4.802339869851679e+33
2021-01-18,9.02611652188243,4.814881911281464e+34
2021-01-19,9.235663631222575,4.9283511667935124e+35
2021-01-20,-0.13461868608534536,4.264903008152591e+35
2021-01-21,-0.12885118853388444,3.7153651865703904e+35
2021-01-22,9.051235700262744,3.734401120276966e+36
2021-01-25,9.049056725450516,3.752720869324919e+37
2021-01-26,4.21434188348705,1.9567969605956855e+38
2021-01-27,1.012874160589249,3.9387860395026346e+38
2021-01-28,1.1476498059448037,8.459133073395935e+38
2021-01-29,0.38953501705941423,1.1754261619449076e+39
2021-02-01,3.2643006844735325,5.012370586929767e+39
2021-02-02,2.669676401930772,1.8393778060588057e+40
2021-02-03,26.224087390185463,5.007538213571253e+41
2021-02-04,25.427331106642782,1.3233587039921402e+43
2021-02-05,1.346066165122389,3.104687079756175e+43
2021-02-08,5.182134183143054,1.919359212372324e+44
2021-02-09,28.194514915946034,5.603476115466224e+45
2021-02-10,17.299076104590448,1.0253843588717129e+47
2021-02-11,18.31853590406864,1.9808924552333586e+48
2021-02-12,17.963125188960746,3.7563911614458e+49
2021-02-15,13.179528864190504,5.326385689891081e+50
2021-02-16,13.807899357043437,7.887258323270351e+51
2021-02-17,15.334635925565454,1.2883549316150701e+53
2021-02-18,22.60069679020077,3.040607409920712e+54
2021-02-19,0.6957163207343032,5.156007609948208e+54
2021-02-22,-0.5470256184274798,2.335539358499498e+54
2021-02-23,-0.299247533562861,1.6366349659295365e+54
2021-02-24,-0.5466257081719021,7.420082186594067e+53
2021-02-25,1.1886881802611748,1.6240246178364927e+54
2021-02-26,-0.9135219289436294,1.4044251629855937e+53
2021-03-01,53.266427903808626,7.62131368534524e+54
2021-03-02,1.2312954322996459,1.7005402414233616e+55
2021-03-03,1.2188691934548574,3.7732763539245827e+55
2021-03-04,0.8884191978280841,7.125527505461938e+55
2021-03-05,2.680840075489231,2.622792720110511e+56
2021-03-08,2.3190464537222546,8.705170876531338e+56
2021-03-09,0.47671021065284674,1.2855014718851618e+57
2021-03-10,2.1291573914118063,4.0225364324202105e+57
2021-03-11,-0.07042225524245849,3.7392603450542256e+57
2021-03-12,-0.07384135559348914,3.463148292258444e+57
2021-03-15,-0.3699410931430749,2.1819874273037823e+57
2021-03-16,-0.04806329600553857,2.077113919704917e+57
2021-03-17,0.36748680553562113,2.8404258787908495e+57
2021-03-18,12.251808576115351,3.764078002038056e+58
2021-03-19,11.79751931971547,4.817086095199803e+59
2021-03-22,-0.7522313518797178,1.1935229096866643e+59
2021-03-23,0.12737312058505437,1.3455456471832085e+59
2021-03-24,-0.36471725237408564,8.548019357986379e+58
2021-03-25,0.4873362601793292,1.2713779143847971e+59
2021-03-26,0.8652802720177766,2.371476141981068e+59
2021-03-29,-0.74258950163058,6.104428555785361e+58
2021-03-30,-0.47020051583719114,3.2341230999638045e+58
2021-03-31,-0.019237603333551696,3.1719063226348243e+58
2021-04-01,-0.3577373540893994,2.0371969473560055e+58
2021-04-06,-0.07494538541426754,1.8845184369716403e+58
2021-04-07,0.15636224111476568,2.179185963198621e+58
2021-04-08,0.005705920671569202,2.19162022543323e+58
2021-04-09,-0.8565884212694131,3.1430371650726415e+57
2021-04-12,-0.850121267161672,4.7107442756485815e+56
2021-04-13,2.935419034797912,1.8538752690452732e+57
2021-04-14,-0.21833991826903767,1.4491002943209381e+57
2021-04-15,-0.19003612222605493,1.1737188936715521e+57
2021-04-16,2.6895859285702604,4.3305367141876126e+57
2021-04-19,7.969567098998517,3.884303963258236e+58
2021-04-20,10.606276970462003,4.508230763503835e+59
2021-04-21,1.0470148802258097,9.22841545638411e+59
2021-04-22,0.9682174760537704,1.816352857753994e+60
2021-04-23,3.782734453798923,8.687133393036161e+60
2021-04-26,2.709038098897402,3.222090872497498e+61
2021-04-27,3.713983929702031,1.51888845929928e+62
2021-04-28,3.5816191056799997,6.958968384522441e+62
2021-04-29,3.9700675025820655,3.4586542619411e+63
2021-04-30,-0.17649567600434654,2.848216739914491e+63
2021-05-03,-0.4721044951743954,1.5035608137698981e+63
2021-05-04,-0.170305933256266,1.2474954861732649e+63
2021-05-05,0.13327408802681695,1.4137543094105773e+63
2021-05-06,-0.3616303130925336,9.024978958625117e+62
2021-05-07,-0.132065978408523,7.8330862823379595e+62
2021-05-10,-0.15404156149453266,6.6264654400852165e+62
2021-05-11,-0.10210417375264573,5.949875661424854e+62
2021-05-12,0.6837282464565746,1.0017973714045521e+63
2021-05-14,-0.5780197175826225,4.227387377102794e+62
2021-05-17,-0.0528095592977611,4.0041409127370766e+62
2021-05-18,-0.05906188821037136,3.7676487897704247e+62
2021-05-19,-0.007325854177167024,3.740047544145787e+62
2021-05-20,-0.36611985763765836,2.3707418697250576e+62
2021-05-21,0.15517208445343458,2.738614827351328e+62
2021-05-24,-0.3374792763069559,1.814389077333303e+62
2021-05-25,-0.0862149566722538,1.6579616016444018e+62
2021-05-26,-0.3755004618767322,1.0353962544530424e+62
2021-05-27,-0.07158262264700921,9.612798750804035e+61
2021-05-28,0.39101104966273653,1.3371509280552564e+62
2021-05-31,-0.710836191068538,3.866556554726972e+61
2021-06-01,-0.7451694413257175,9.853167669867833e+60
2021-06-02,-0.7135444797167717,2.822494271309874e+60
2021-06-03,-0.0175854453270482,2.772859452615848e+60
2021-06-04,10.439574086867752,3.1720331140670554e+61
2021-06-07,10.731781433360254,3.721359919361579e+62
2021-06-08,10.62580184655719,4.326379302221776e+63
2021-06-09,-0.45322174462309867,2.365570126967559e+63
2021-06-10,-0.2083930306539867,1.8726017989842528e+63
2021-06-11,13.1213517270628,2.6443668648187187e+64
2021-06-14,-0.07940842055451842,2.4343818687167606e+64
2021-06-15,0.4144265186405225,3.4432542716106576e+64
2021-06-16,1.2580990550233555,7.775209216929157e+64
2021-06-17,0.6270383660715538,1.2650563700176899e+65
2021-06-18,0.6325967297519424,2.0653268926427437e+65
2021-06-21,0.4723474028986369,3.0408786865192556e+65
2021-06-22,0.5529388774451492,4.722298733890092e+65
2021-06-23,-0.041820151536634244,4.524811485237553e+65
2021-06-24,-0.05031016475323391,4.297167473937926e+65
2021-06-28,-0.5208129043135401,2.059147201514636e+65
2021-06-29,-0.5845537160622657,8.554650529500405e+64
2021-06-30,-0.5854665885495044,3.546188467760591e+64
2021-07-01,-0.589365644843006,1.4561868147240388e+64
2021-07-02,-0.16253220843602692,1.2195095558315174e+64
2021-07-05,0.07053167120908128,1.3055236028597587e+64
2021-07-06,-0.16503509244215664,1.090066394376381e+64
2021-07-07,0.046719505068299805,1.1409937568132316e+64
2021-07-08,-0.6261449088441866,4.265663249616247e+63
2021-07-09,-0.6189924667897101,1.6252498322420753e+63
2021-07-12,-0.6091962974063857,6.351536520798535e+62
2021-07-13,-0.5869937148315484,2.623224503566755e+62
2021-07-14,-0.6133583758902235,1.0142477824636123e+62
2021-07-15,-0.6159185846985081,3.8955372375502387e+61
2021-07-16,-0.6163258224891339,1.4946170455800392e+61
2021-07-19,-0.5838871684969541,6.2192933084902706e+60
2021-07-20,-0.465488812796352,3.324281849888839e+60
2021-07-21,-0.33634604735230883,2.2061727893937065e+60
2021-07-22,-0.32668080205292677,1.4854584930872278e+60
2021-07-23,-0.583856169424488,6.1816438747424655e+59
2021-07-26,0.039602616747415796,6.4264531479829015e+59
2021-07-27,-0.03869479070588666,6.177782888440516e+59
2021-07-28,-0.03752975632141534,5.9459322020307345e+59
2021-07-29,-0.16334720594284521,4.974680790103424e+59
2021-07-30,-0.750020099618539,1.243570208339622e+59
2021-08-02,-0.23472934890488403,9.516677830185513e+58
2021-08-03,-0.49503680527804034,4.805572040270125e+58
2021-08-04,-0.4662849820084431,2.564805967932492e+58
2021-08-05,-0.42225353944582394,1.4818075699812246e+58
2021-08-06,-0.16247877624415266,1.2410452893813536e+58
2021-08-09,-0.49557612824522823,6.2601286989276355e+57
2021-08-10,-0.5062049748901218,3.091220408078041e+57
2021-08-11,-0.3997433375361073,1.855525645093197e+57
2021-08-12,-0.4640258126507062,9.945138497346006e+56
2021-08-13,-0.40498672352959036,5.917489442257854e+56
2021-08-16,-0.09868466543416166,5.3335239764384534e+56
2021-08-17,-0.2514525578523142,3.992395730196359e+56
2021-08-18,0.13838374671582845,4.544878409713207e+56
2021-08-19,0.19402596749728743,5.426702840315345e+56
2021-08-20,0.40294255666473805,7.613352357051804e+56
2021-08-23,-0.22269730745195906,5.917879286453342e+56
2021-08-24,-0.1976963825398895,4.747935959213773e+56
2021-08-25,6.616043973991741,3.616048905106876e+57
2021-08-26,-0.28920486919743743,2.5702699544939052e+57
2021-08-27,0.04250257325991602,2.679513041532544e+57
2021-08-30,-0.2749135665594091,1.9428785546423818e+57
2021-08-31,0.13171222911600497,2.198779419976012e+57
2021-09-01,0.20434936356647493,2.6480985950711724e+57
2021-09-02,0.030973073252478372,2.7301183468360967e+57
2021-09-03,-0.32424054292560955,1.8449032918067932e+57
2021-09-06,-0.028559325421870303,1.792214098324203e+57
2021-09-07,-0.21134682409325167,1.413435340548232e+57
2021-09-08,0.05078315675472441,1.48521404900996e+57
2021-09-09,0.08758131728952095,1.6152910518791554e+57
2021-09-10,-0.22112095011039812,1.2581163597828122e+57
2021-09-13,-0.22980099320179462,9.689999707412955e+56
2021-09-14,0.0815491181209429,1.0480210638144678e+57
2021-09-15,0.050338967912612775,1.1007773625175665e+57
2021-09-16,0.03634159889412214,1.1407813718979096e+57
2021-09-17,-0.2574085387069891,8.471345059735144e+56
2021-09-20,1.9402588850157685,2.4907947579920688e+57
2021-09-21,0.1572775678877243,2.882540899636554e+57
2021-09-22,-0.18311521627782193,2.3547037993699394e+57
2021-09-23,-0.34733671735616156,1.536828711350703e+57
2021-09-24,-0.49773113876466774,7.7190120676388085e+56
2021-09-27,-0.11635970368889059,6.820830110677386e+56
2021-09-28,-0.6458969997738366,2.415276406223816e+56
2021-09-29,-0.5928650666984031,9.833433985528542e+55
2021-09-30,-0.5407970174954885,4.5155422144159314e+55
2021-10-01,-0.3418603347114287,2.9718574415921153e+55
2021-10-04,-0.3683670359942493,1.8771231244353754e+55
2021-10-05,-0.44899059433080596,1.0343124971630368e+55
2021-10-06,-0.14462954462062302,8.847203517029273e+54
2021-10-07,-0.4374569356367026,4.9769329775153895e+54
2021-10-08,-0.14072604046348683,4.276548905937497e+54
2021-10-11,-0.21071601698793704,3.375411554024228e+54
2021-10-12,-0.4116817679602384,1.9858161578701177e+54
2021-10-13,-0.21685930841829748,1.5551734392285233e+54
2021-10-14,-0.517315528922872,7.506580689472178e+53
2021-10-15,-0.07629330949566449,6.933878805676099e+53
2021-10-18,-0.08808017750332058,6.323141529685635e+53
2021-10-19,0.12866160257788448,7.136687052221765e+53
2021-10-20,0.32274881153850826,9.4400443166486e+53
2021-10-21,0.2925891555050537,1.2202098911187094e+54
2021-10-22,0.1794031362124748,1.4391193724228882e+54
2021-10-25,4.397263794551534,7.767306884815779e+54
2021-10-26,4.3984662105430505,4.193154376459639e+55
2021-10-27,-0.41250444598987596,2.463459553448132e+55
2021-10-28,-0.4114548522268869,1.449857166917218e+55
2021-10-29,4.430790882559337,7.873871083107339e+55
2021-11-01,1.3357441152054337,1.83913480462542e+56
2021-11-02,0.014001299372594866,1.8648850816115393e+56
2021-11-03,0.4035842937571461,2.61752341021197e+56
2021-11-04,0.2980563847520911,3.397692974863715e+56
2021-11-05,1.2457115071789109,7.630238211512391e+56
2021-11-08,1.2678839287546062,1.730449461245824e+57
2021-11-09,1.2752068280654383,3.9371304298486575e+57
2021-11-10,1.7797518843576479,1.0944245731333641e+58
2021-11-11,1.2079306375623102,2.416413545522208e+58
2021-11-12,1.5150322602271025,6.077358021038105e+58
2021-11-15,1.4043731646565927,1.4612236537794519e+59
2021-11-16,-0.4141533958171711,8.560529155183177e+58
2021-11-17,-0.37123635822063855,5.382549487171374e+58
2021-11-18,-0.6741565719159324,1.7538683767320608e+58
2021-11-19,1.312260496912262,4.0554005643011765e+58
2021-11-22,0.9759831273089619,8.013403089538367e+58
2021-11-23,1.393624474345853,1.9181077757917709e+59
2021-11-24,0.08950571212857368,2.089789378203368e+59
2021-11-25,1.3912441570605836,4.997196640116073e+59
2021-11-26,-0.6044599700075541,1.9765913089096615e+59
2021-11-29,0.020969108260855962,2.0180386660536547e+59
2021-11-30,0.018888610714666965,2.0561566128238877e+59
2021-12-01,0.7239358308458441,3.544682058677726e+59
2021-12-02,0.08938700038879621,3.861530555234911e+59
2021-12-03,-0.04793128221411621,3.676442444413513e+59
2021-12-06,0.48633724274858664,5.464433325953455e+59
2021-12-07,0.507664188084401,8.238530433714958e+59
2021-12-08,0.4370260833757394,1.1838983121933238e+60
2021-12-09,0.5488573301026437,1.8336895789367777e+60
2021-12-10,0.3446368907708764,2.4656466540605063e+60
2021-12-13,0.18122715372160023,2.9124887792590783e+60
2021-12-14,13.331184919090978,4.1739415270339397e+61
2021-12-15,0.31304382045325757,5.480568129005148e+61
2021-12-16,4.513967071011316,3.0219672193768486e+62
2021-12-17,0.65410472181101,4.998650246729333e+62
2021-12-20,3.87631595614638,2.4374997957321285e+63
2021-12-21,0.6215743994615476,3.952587267451972e+63
2021-12-22,0.07212562360688198,4.2376700889775664e+63
2021-12-23,0.5770405767347375,6.682977681132727e+63
2021-12-27,-0.1981919483412292,5.358465313788081e+63
2021-12-28,-0.1389555111691888,4.613877027028291e+63
2021-12-29,-0.048024375219836934,4.3922984654640984e+63
2021-12-30,0.034275026401118645,4.542844611329474e+63
2022-01-03,-0.18961898825711362,3.681435012319898e+63
2022-01-04,0.20906192570787466,4.45108290536389e+63
2022-01-05,-0.33321716663891854,2.9679056711636087e+63
2022-01-07,-0.3411187862870279,1.9554972908018915e+63
2022-01-10,-0.34129433503289314,1.2880971432790356e+63
2022-01-11,0.1471118932649017,1.477591552735926e+63
2022-01-12,-0.38477313922718853,9.090540124941479e+62
2022-01-13,0.2552458488889723,1.1410862755991432e+63
2022-01-14,-0.14236874971859492,9.786312492210452e+62
2022-01-17,0.5130538633972886,1.480721792475217e+63
2022-01-18,-0.48080293856708617,7.687864034528094e+62
2022-01-19,0.16219946805499644,8.934831491407691e+62
2022-01-20,0.33414491879502134,1.1920360034551312e+63
2022-01-21,0.3975047314429139,1.6658759548788474e+63
2022-01-24,6.455227876761074,1.2419484858038757e+64
2022-01-25,0.07481474841541762,1.3348645493142015e+64
2022-01-26,-0.039554384889849935,1.2820648031548112e+64
2022-01-27,0.036258343827681415,1.328550349596967e+64
2022-01-28,-0.010621898093738924,1.3144386231711469e+64
2022-01-31,0.39876488552468087,1.8385905902692084e+64
2022-02-01,0.21898399266502547,2.2412124986027055e+64
2022-02-02,-0.21632320764891363,1.7563862218821317e+64
2022-02-03,-0.6740999506471413,5.7240635639406775e+63
2022-02-04,0.029864603136069756,5.895010450603403e+63
2022-02-07,0.07905821156411648,6.3610594339798854e+63
2022-02-08,0.06224061362102906,6.75697567643063e+63
2022-02-09,-0.3896101240834699,4.1243895447075036e+63
2022-02-10,-0.48821497936918296,2.1108007882276556e+63
2022-02-11,-0.37581591905850864,1.3175282500504549e+63
2022-02-14,-0.5800703804450184,5.532691367966283e+62
2022-02-15,-0.2897524900128214,3.9295802676256087e+62
2022-02-16,-0.28313860871542357,2.816964377814512e+62
2022-02-17,1.5284304215607152,7.122498429319066e+62
2022-02-18,1.6394929701458005,1.879978453406218e+63
2022-02-21,1.1782364750735572,4.095037639561799e+63
2022-02-22,0.06451138067188296,4.359214171593259e+63
2022-02-23,0.05226852622529928,4.587063871842878e+63
2022-02-24,0.07939539918491956,4.9512556390345666e+63
2022-02-25,0.09660092533310476,5.42955151532606e+63
2022-02-28,0.18471776964191552,6.432486161392972e+63
2022-03-01,0.19278950331996636,7.672601973560481e+63
2022-03-02,0.16619415619226816,8.947743584355497e+63
2022-03-03,-0.09293324597158709,8.116200728939898e+63
2022-03-04,0.01699163421622607,8.254108242951513e+63
2022-03-07,0.2799668973310839,1.056498531796557e+64
2022-03-08,-0.47872111950315316,5.507303719014717e+63
2022-03-09,0.23041515300219614,6.776269948061056e+63
2022-03-10,-0.5634407315281028,2.958243451493635e+63
2022-03-11,-0.15576974168570465,2.4974386332110443e+63
2022-03-14,-0.48069882320261864,1.296922821205739e+63
2022-03-15,-0.33351904079717826,8.643743658892305e+62
2022-03-16,-0.09637243259298633,7.810725055774654e+62
2022-03-17,-0.41590819490045244,4.562180496963682e+62
2022-03-18,-0.42243054755231607,2.634976091598817e+62
2022-03-21,-0.26101460168625373,1.94720885659735e+62
2022-03-22,0.04022867561413501,2.0255424900423754e+62
2022-03-23,0.22236755370522823,2.475957418479095e+62
2022-03-24,0.2919266691083407,3.1987554205097833e+62
2022-03-25,-0.13557731808128526,2.765076739399093e+62
2022-03-28,-0.13950232642022364,2.3793421015224734e+62
2022-03-29,-0.40316607980135233,1.4200720739453465e+62
2022-03-30,-0.18488697959792955,1.1575192373822239e+62
2022-03-31,-0.18640721675444452,9.417492980020763e+61
2022-04-01,0.2893974171898762,1.2142891124842559e+62
2022-04-04,0.45236161485364174,1.7635868963068293e+62
2022-04-05,0.053193133990914354,1.8573976103866995e+62
2022-04-06,0.20870582119977388,2.245047303956953e+62
2022-04-07,0.201191564006155,2.6967318823078543e+62
2022-04-08,0.1883179158027366,3.20457480986286e+62
2022-04-11,0.424237416348793,4.564075347695504e+62
2022-04-12,0.2834179083298954,5.857616036199404e+62
2022-04-13,0.06181229933080745,6.219688751993899e+62
2022-04-14,0.014739340511840745,6.311362862387203e+62
2022-04-19,0.4046662735448583,8.865358552898842e+62
2022-04-20,-0.5241276769160508,4.218778769540131e+62
2022-04-21,-0.16887032200680321,3.5063522402524236e+62
2022-04-22,-0.6556010523236703,1.2075840217254762e+62
2022-04-25,1.9524848956134129,3.5653735843285677e+62
2022-04-26,2.0425756496041854,1.0847918849420095e+63
2022-04-27,1.3535265344488634,2.5530864855658176e+63
2022-04-28,-0.5481754725945741,1.1535470947659552e+63
2022-04-29,-0.6148263294562217,4.443159686361146e+62
2022-05-02,-0.29197565866422803,3.1458652103855053e+62
2022-05-03,-0.1647151536660938,2.6276935388440383e+62
2022-05-04,-0.24013166689276924,1.9967011092780597e+62
2022-05-05,1.9592818867569453,5.908801425954061e+62
2022-05-06,-0.20323700613969134,4.707914314269219e+62
2022-05-09,-0.2209693099432407,3.6676097369732444e+62
2022-05-10,-0.15460678050091015,3.1005724034060213e+62
2022-05-11,2.2934583111583313,1.0211605951345723e+63
2022-05-12,-0.32897775857621675,6.85221471400845e+62
2022-05-13,1.2638185243339244,1.5512170602285813e+63
2022-05-16,1.9166534987677093,4.524362666063852e+63
2022-05-17,1.6297168454362883,1.1897792717811148e+64
2022-05-18,1.7292237719186092,3.2471738718810304e+64
2022-05-19,1.7359329078743055,8.884049853668936e+64
2022-05-20,1.9290918960192485,2.602219843021267e+65
2022-05-23,2.038218324875265,7.90611201242125e+65
2022-05-24,2.1132129097387673,2.461340998291058e+66
2022-05-25,0.314074572878343,3.2343856210372763e+66
2022-05-27,-0.16602865929612334,2.697384912729798e+66
2022-05-30,-0.5271612646628467,1.2754280708526753e+66
2022-05-31,0.5118874180896655,1.9283036530005343e+66
2022-06-01,0.8453862200487622,3.558464989316876e+66
2022-06-02,-0.1897961400616366,2.88308206980006e+66
2022-06-03,-0.3077331178584173,1.9958622354187886e+66
2022-06-07,-0.28626161972649633,1.4245234791568604e+66
2022-06-08,-0.29930532128899145,9.981560215441044e+65
2022-06-09,-0.4386725368029549,5.602923874482071e+65
2022-06-10,-0.3660027679662752,3.5522382277173064e+65
2022-06-13,-0.20209728602334845,2.834340522587249e+65
2022-06-14,-0.27205384294941165,2.0632472911901444e+65
2022-06-15,-0.057455555487189246,1.944702271967376e+65
2022-06-16,-0.06800619654650868,1.812450467035521e+65
2022-06-17,-0.23635074263907263,1.3840764531551415e+65
2022-06-20,0.30329139578850955,1.8038549325105742e+65
2022-06-21,-0.38727940360576724,1.1052590700565576e+65
2022-06-22,-0.5586689247552777,4.877851738120423e+64
2022-06-23,0.11388889665826744,5.43338489063757e+64
2022-06-27,1.1330831164480033,1.1589861575382683e+65
2022-06-28,-0.4104495938072045,6.832807599485131e+64
2022-06-29,-0.5646075644535496,2.974952742360126e+64
2022-06-30,0.860012034603844,5.533447903167544e+64
2022-07-01,1.7250230438361946,1.507877304799863e+65
2022-07-04,1.693994138758301,4.0622126210974943e+65
2022-07-05,1.5816149686663337,1.0487068908530595e+66
2022-07-06,0.12484145661705481,1.179628986671498e+66
2022-07-07,1.5393967622106446,2.9955460293634263e+66
2022-07-08,0.3733924824875137,4.1140603976730505e+66
2022-07-11,-0.13416382598632862,3.5621023143823976e+66
2022-07-12,-0.20734283586901323,2.8235259188627757e+66
2022-07-13,-0.5052548948047411,1.396925627749304e+66
2022-07-14,1.505305976701998,3.499726124208522e+66
2022-07-15,0.9022415015376507,6.657324277484963e+66
2022-07-18,2.9109742199834083,2.6036623623313357e+67
2022-07-19,3.184373886629908,1.089469679854038e+68
2022-07-20,2.5094964104688766,3.8234899307624223e+68
2022-07-21,2.1293822867317913,1.1965161662825287e+69
2022-07-22,1.6875639699516745,3.215713737965631e+69
2022-07-25,1.3945667418321397,7.700241168185212e+69
2022-07-26,1.6027591535508077,2.0041873185042824e+70
2022-07-27,-0.6040076912496838,7.936427634226161e+69
2022-07-28,1.5594442261010444,2.031284388428892e+70
2022-07-29,0.4874028905112612,3.021338270799533e+70
2022-08-01,0.5626693926782903,4.721352840705983e+70
2022-08-02,-0.010298732565941679,4.672728890450102e+70
2022-08-03,0.02788558463243973,4.8030306673891954e+70
2022-08-04,0.37969417731640837,6.626713445269015e+70
2022-08-05,0.4335300413979608,9.499592799528915e+70
2022-08-08,0.3909288226069867,1.321325742789456e+71
2022-08-09,0.604917293845891,2.120618535406566e+71
2022-08-10,0.4302370155705966,3.0329871252435765e+71
2022-08-11,-0.4351662785403634,1.7131334050904944e+71
2022-08-12,-0.7965394583649111,3.485550504928761e+70
2022-08-15,-0.7558396471172576,8.510332412740272e+69
2022-08-16,-0.7704147815837045,1.9538465257742545e+69
2022-08-17,-0.7710919022416078,4.47251291526828e+68
2022-08-18,-0.406710760010714,2.653493788341783e+68
2022-08-19,-0.00010188527810332341,2.653223436389213e+68
2022-08-22,0.4125850798130915,3.747903839653821e+68
2022-08-23,0.48652180330324885,5.571340774329368e+68
2022-08-24,-0.4770984633172565,2.9132626522800517e+68
2022-08-25,-0.3932539650445164,1.7676105630548171e+68
2022-08-26,0.704400642304232,3.012716579014376e+68
2022-08-29,-0.5178155700266908,1.4526850263231852e+68
2022-08-30,-0.7115111842332688,4.1908338292603845e+67
2022-08-31,-0.44943622420445406,2.3073212967693037e+67
2022-09-01,0.04278136389915721,2.4060316487986664e+67
2022-09-02,2.4328600084048877,8.259569826117415e+67
2022-09-05,-0.723089075491791,2.2871651165902805e+67
2022-09-06,2.405661867152784,7.789311021453569e+67
2022-09-07,-0.6936890197063302,2.385951494793729e+67
2022-09-08,-0.8622514695369495,3.2866131216395474e+66
2022-09-09,-0.3232539581894847,2.2242024210320654e+66
2022-09-12,-0.008947015095950714,2.2043024483946415e+66
2022-09-13,-0.48157522224188015,1.1427650069206715e+66
2022-09-14,-0.10318781394153169,1.0248455840076481e+66
2022-09-15,-0.46019943606940167,5.532122241891118e+65
2022-09-16,-0.4568752006323565,3.004632782704392e+65
2022-09-19,-0.47048857830419727,1.5909873764436188e+65
2022-09-20,-0.07229513789031043,1.4759667246818842e+65
2022-09-21,0.017593468382482397,1.501934098586171e+65
2022-09-22,-0.32914662713943815,1.0075775558508204e+65
2022-09-23,0.2438976111801873,1.2533233148016075e+65
2022-09-26,0.36679902578844964,1.7130410856687877e+65
2022-09-27,-0.29769426251785364,1.2030785830078348e+65
2022-09-28,-0.11364138870663339,1.0663590621116157e+65
2022-09-29,-0.48549255617627685,5.486496752453102e+64
2022-09-30,1.9332892111271367,1.6093481730854753e+65
2022-10-03,1.7782642703905316,4.471194527901653e+65
2022-10-04,9.705906103943578,4.786818878818143e+66
2022-10-05,-0.4207514349614052,2.7727579666550644e+66
2022-10-06,1.1309070031590223,5.908489369210246e+66
2022-10-07,-0.1138281027196371,5.2359372343738994e+66
2022-10-10,0.2379761775497228,6.4819655633004676e+66
2022-10-11,-0.06499237164736171,6.060687248405044e+66
2022-10-12,0.176130940773488,7.128161795200507e+66
2022-10-13,0.01868195666166672,7.261329804935792e+66
2022-10-14,0.059739476174494634,7.695117843812902e+66
2022-10-17,-0.3363594735820037,5.1067920567165106e+66
2022-10-18,-0.3226224240073193,3.459226424477307e+66
2022-10-19,-0.2566598011342904,2.5713820582924786e+66
2022-10-20,6.16004183969417e-05,2.571540456503128e+66
2022-10-21,-0.3248066554775168,1.73628700140122e+66
2022-10-24,-0.44425591330135566,9.649312338404487e+65
2022-10-25,1.3540090069222146,2.2714568155209815e+66
2022-10-26,-0.5516932237434816,1.0183094823721085e+66
2022-10-27,-0.5582640828322505,4.498238731562596e+65
2022-10-28,-0.5565904216509598,1.994562139275492e+65
2022-10-31,-0.16947171188458277,1.656540279072299e+65
2022-11-01,-0.34141311916047096,1.0909756953792682e+65
2022-11-02,1.7108320229441407,2.9574518512878724e+65
2022-11-03,1.255893495875885,6.671696395686407e+65
2022-11-04,1.2010915760928946,1.4685014734794677e+66
2022-11-07,-0.13464328312729776,1.2707776138129178e+66
2022-11-08,0.8256845399755134,2.3200390432852178e+66
2022-11-09,0.8310815810771962,4.248180759539522e+66
2022-11-10,-0.5234844356497604,2.024324252093805e+66
2022-11-11,-0.7551417203897319,4.956725537410317e+65
2022-11-14,0.003282795990923256,4.972997456132634e+65
2022-11-15,0.1949530897842051,5.942498675694682e+65
2022-11-16,0.06459680005079671,6.326365074450655e+65
2022-11-17,0.6933459616288745,1.0712724750610973e+66
2022-11-18,-0.49580338898094656,5.401319514037986e+65
2022-11-21,0.055483929711267886,5.7010059463029705e+65
2022-11-22,-0.23604479783602583,4.355313150245905e+65
2022-11-23,0.5784335981210679,6.874572606686645e+65
2022-11-24,0.7189667865585155,1.1817161982679341e+66
2022-11-25,-0.086121112948596,1.0799454840837158e+66
2022-11-28,-0.6982693942931512,3.2585260504295566e+65
2022-11-29,-0.3340135969800772,2.170134043472296e+65
2022-11-30,-0.5116165176553903,1.0598576213055886e+65
2022-12-01,-0.46612752130849255,5.658288153464996e+64
2022-12-02,-0.6242877992276377,2.12588789474252e+64
2022-12-05,-0.1394930796967467,1.8293412452148524e+64
2022-12-06,2.5602071277669505,6.512833740331986e+64
2022-12-07,-0.3618724896328836,4.156018380153005e+64
2022-12-08,-0.3591935908702837,2.663203214462948e+64
2022-12-09,3.137311026890439,1.1018500026047616e+65
2022-12-12,7.5199374444088924,9.387693095314344e+65
2022-12-13,-0.3830871346206668,5.7913886467321535e+65
2022-12-14,4.047340266475115,2.9231109115458023e+66
2022-12-15,2.9198620702828073,1.1458191589398193e+67
2022-12-16,-0.552968702891021,5.1221702487318684e+66
2022-12-19,-0.6313142952703621,1.8884709478988935e+66
2022-12-20,3.565089358451344,8.621038627997761e+66
2022-12-21,4.1637273307271485,4.4516692782646515e+67
2022-12-22,4.1832453617105285,2.307409413843451e+68
2022-12-23,1.7042438302428382,6.239797671230395e+68
2022-12-27,5.071403532326182,3.7884329622108914e+69
2022-12-28,-0.5741994234462816,1.6131169395445088e+69
2022-12-29,1.5164420294755574,4.059315265128784e+69
2022-12-30,-0.564411201772872,1.7681922579624826e+69
2023-01-02,-0.2689767915028092,1.2925895776556266e+69
2023-01-03,-0.2643127772093998,9.50941636593543e+68
2023-01-04,-0.26639102547626153,6.976193188533145e+68
2023-01-05,-0.3076027992699469,4.830296635492414e+68
2023-01-09,6.345145545105036,3.547923181372295e+69
2023-01-10,0.3847270462149593,4.9129051871392385e+69
2023-01-11,0.3049860752404135,6.411272858193104e+69
2023-01-12,1.1497937240072182,1.3782914153441356e+70
2023-01-13,-0.020519554880912765,1.3500094890050907e+70
2023-01-16,-0.10118223056453846,1.2134125176242629e+70
2023-01-17,-0.01517938233122725,1.1949936650937472e+70
2023-01-18,0.008303516152406173,1.2049163142938759e+70
2023-01-19,-0.05961923960816384,1.1330801198442035e+70
2023-01-20,-0.014880155518811685,1.116219711445648e+70
2023-01-23,-0.24449697980907034,8.433073631938352e+69
2023-01-24,0.879008193952119,1.5845814454613718e+70
2023-01-25,0.17496405044335125,1.8618262334166736e+70
2023-01-26,0.7816927097582079,3.317202226915071e+70
2023-01-27,0.48528863765687286,4.9270027764470306e+70
2023-01-30,1.8193919844122044,1.3891152135091436e+71
2023-01-31,1.994364872445307,4.159517799111142e+71
2023-02-01,-0.057355580416240524,3.920946241491439e+71
2023-02-02,-0.09334692152663311,3.5549379803767907e+71
2023-02-03,0.36089473345223727,4.837896375244107e+71
2023-02-06,1.1605496650490787,1.0452515393075807e+72
2023-02-07,1.1143421095936867,2.2100193446756384e+72
2023-02-08,0.5611350560348386,3.4501386734882802e+72
2023-02-09,-0.28418484947306905,2.4696615339017994e+72
2023-02-10,-0.25599019206735035,1.8374524034969307e+72
2023-02-13,0.8612392405783899,3.4199385160835646e+72
2023-02-14,0.8219037774945046,6.230798901251597e+72
2023-02-15,0.15392477952824324,7.18987324841157e+72
2023-02-16,0.21601814191120453,8.743016308110513e+72
2023-02-17,0.248131899590497,1.091243755279267e+73
2023-02-20,-0.19354115137921338,8.80043182447141e+72
2023-02-21,-0.20441408509799272,7.001499604604828e+72
2023-02-22,-0.38528285096695597,4.303941875898665e+72
2023-02-23,-0.03924198433290099,4.135046656234933e+72
2023-02-24,0.32576019918236687,5.4820802785984046e+72
2023-02-27,6.341321602034989,4.024571437336446e+73
2023-02-28,4.682642676524129,2.287020140452814e+74
2023-03-01,0.9384352790503963,4.433240524152527e+74
2023-03-02,0.8609358163492672,8.249976073886437e+74
2023-03-03,0.4575319598907644,1.2024603796023611e+75
2023-03-06,0.049502662824832955,1.2619853703340375e+75
2023-03-07,0.45444700267886257,1.835490839306915e+75
2023-03-08,-0.25681204358296533,1.364114685886694e+75
2023-03-09,-0.3679889206586136,8.621355949726859e+74
2023-03-10,-0.3686249136729864,5.443309357014707e+74
2023-03-13,1.6219352051460953,1.4272004435658018e+75
2023-03-14,-0.5799455882899175,5.995018427144017e+74
2023-03-15,-0.6636492401644759,2.0164290031978587e+74
2023-03-16,-0.14098224475494206,1.7321483159380543e+74
2023-03-17,-0.3554901681251301,1.1163866198875742e+74
2023-03-20,-0.13197174356055816,9.690551311733331e+73
2023-03-21,-0.12331429148533053,8.495567842624694e+73
2023-03-22,-0.0607126659461081,7.979779270172922e+73
2023-03-23,0.16999107845298486,9.336270554126389e+73
2023-03-24,0.10556859444632745,1.0321887513896145e+74
2023-03-27,0.1610364382831936,1.198408751549375e+74
2023-03-28,-0.17994789566577105,9.82757618560621e+73
2023-03-29,-0.2676461212410362,7.197263538327931e+73
2023-03-30,-0.024576721987618844,7.020378393274819e+73
2023-03-31,-0.14456652790502045,6.005466664379653e+73
2023-04-03,0.009228791652289329,6.060889864999981e+73
2023-04-04,-0.06370099957814679,5.674805122266423e+73
2023-04-05,-0.059233555421570494,5.3386662385500434e+73
2023-04-06,3.090205733457575,2.1836243257933773e+74
2023-04-11,2.9604804335570196,8.648201416543809e+74
2023-04-12,0.37752285760594045,1.191309512846917e+75
2023-04-13,0.8267094398343504,2.1761763328819245e+75
2023-04-14,0.26348686232434554,2.749570206697483e+75
2023-04-17,0.3417078928872447,3.689120048373625e+75
2023-04-18,0.6011384752222763,5.906792049164878e+75
2023-04-19,0.07306609788126106,6.338378295193414e+75
2023-04-20,0.15122916149094207,7.2969259299879e+75
2023-04-21,0.2203362851126638,8.904703482143704e+75
2023-04-24,0.44713127084394455,1.2886274866603115e+76
2023-04-25,0.08197820001617458,1.3942668485080908e+76
2023-04-26,0.4143448846298446,1.9719741849963928e+76
2023-04-27,0.2557327051680232,2.476272477847028e+76
2023-04-28,0.3825357968823355,3.4235353434580365e+76
2023-05-02,0.4452184584864523,4.9477564716463107e+76
2023-05-03,0.206648513881827,5.970202993561213e+76
2023-05-04,-0.43958284353572274,3.345804185166091e+76
2023-05-05,1.3498813491846395,7.862242852745706e+76
2023-05-08,0.19810706499507735,9.419808708581682e+76
2023-05-09,1.3269437895754306,2.1919365373422705e+77
2023-05-10,1.3049131601252284,5.052223371079524e+77
2023-05-11,7.128827260793059,4.106865106644704e+78
2023-05-12,1.031178026313978,8.341774161652336e+78
2023-05-15,-0.20421444279078646,6.638263399343925e+78
2023-05-16,-0.07626881914423782,6.131970888707549e+78
2023-05-17,-0.1374565043009762,5.289091605870459e+78
2023-05-19,0.26861414737042416,6.709816437945421e+78
2023-05-22,-0.38602631464712617,4.1196507264466435e+78
2023-05-23,-0.24989403178555217,3.0901745968666125e+78
2023-05-24,3.9769623038444855,1.537968248090296e+79
2023-05-25,-0.32069337997169495,1.0447520123210729e+79
2023-05-26,-0.46814127380153864,5.556604744663649e+78
2023-05-29,-0.37258323091515283,3.4863069959783987e+78
2023-05-30,-0.3846707146747907,2.1452267922596656e+78
2023-05-31,-0.18442311257745642,1.7495973900465853e+78
2023-06-01,-0.11027507959591587,1.5566603985983915e+78
2023-06-02,-0.08084936083808685,1.43080540032975e+78
2023-06-05,-0.3221349828053783,9.698929272966835e+77
2023-06-07,-0.07245704380156222,8.996173529807224e+77
2023-06-08,0.0269085139047515,9.238247190323601e+77
2023-06-09,2.1381049610362304,2.899058933923351e+78
2023-06-12,-0.517465557812843,1.3988957855483983e+78
2023-06-13,-0.5159528505849272,6.771315173234612e+77
2023-06-14,-0.5190933580949647,3.2563704412408693e+77
2023-06-15,-0.0004576401783126238,3.254880195291488e+77
2023-06-16,0.0402483959582823,3.385883902188351e+77
2023-06-19,-0.06010284454926521,3.182382648353265e+77
2023-06-20,0.41389302576984693,4.499548631837657e+77
2023-06-21,-0.6559565303572928,1.5480403231235233e+77
2023-06-22,-0.644504667113517,5.503211099904957e+76
2023-06-26,-0.6423896843431605,1.9680050585632346e+76
2023-06-27,-0.6483067263161455,6.921341416724898e+75
2023-06-28,2.2399841355420045,2.2425036386858493e+76
2023-06-29,4.60992550269411,1.2580278352548085e+77
2023-06-30,2.1025776814196435,3.903129084266237e+77
2023-07-03,4.152619078308208,2.011133738468986e+78
2023-07-04,-0.6684755906574132,6.667399247548789e+77
2023-07-05,0.46679180052294783,9.779686547117435e+77
2023-07-06,-0.36858428064212695,6.175047816242669e+77
2023-07-07,2.2455855006092693,2.004164565796614e+78
2023-07-10,1.1869384117490378,4.382984472406947e+78
2023-07-11,-0.09149735689997122,3.981952977848097e+78
2023-07-12,-0.08241249827538939,3.6537902849285087e+78
2023-07-13,-0.06905674527800243,3.4014714199229603e+78
2023-07-14,1.1012891486104344,7.147474983992643e+78
2023-07-17,-0.5860723436035133,2.9585375692765907e+78
2023-07-18,-0.5164456233775258,1.4306137900257122e+78
2023-07-19,1.163778196700309,3.09553092675643e+78
2023-07-20,3.2088489868034134,1.3028622204697433e+79
2023-07-21,3.6913165119524307,6.112139047688715e+79
2023-07-24,-0.21989221871254125,4.768127231412885e+79
2023-07-25,1.3856232662962154,1.1374955259919136e+80
2023-07-26,-0.39135687836430827,6.923288277863515e+79
2023-07-27,-0.06991700606409534,6.43923268935665e+79
2023-07-28,-0.27692182906555957,4.656068595241265e+79
2023-07-31,-0.5479156343678732,2.104935817219315e+79
2023-08-01,2.0238100288013308,6.36492603409089e+79
2023-08-02,1.95388944969028,1.8801287860160078e+80
2023-08-03,-0.15791707141391476,1.5832243542473608e+80
2023-08-04,0.24859196725676802,1.9768012110785385e+80
2023-08-07,-0.1326553451447812,1.7145679641402936e+80
2023-08-08,3.988742618255735,8.553538274602653e+80
2023-08-09,4.070588392390438,4.3371471889067555e+81
2023-08-10,13.879286860087241,6.453365717816459e+82
2023-08-11,-0.09630335299358901,5.831884961096854e+82
2023-08-14,0.5488412693531256,9.032664105866655e+82
2023-08-15,0.3820993168839042,1.2484038890360067e+83
2023-08-16,0.46325378405591633,1.8267317146620588e+83
2023-08-17,0.834960621431739,3.3519807623253576e+83
2023-08-18,-0.29134573258193325,2.375395471525129e+83
2023-08-21,-0.14070017917211083,2.0411769030769226e+83
2023-08-22,-0.18059685866655614,1.6725467663985008e+83
2023-08-23,-0.6713617667608774,5.496628143190107e+82
2023-08-24,-0.20328463387247797,4.3792481035685476e+82
2023-08-25,-0.29109747742131203,3.104460027617679e+82
2023-08-28,-0.2885986098016767,2.208517179462342e+82
2023-08-29,-0.24842261751408193,1.6598715609154896e+82
2023-08-30,0.3458083068663014,2.2338689350112e+82
2023-08-31,2.1014093198327313,6.928141934328554e+82
2023-09-01,-0.1583146879556057,5.831315305883182e+82
2023-09-04,1.6893544203854782,1.5682473594538433e+83
2023-09-05,1.770230336444411,4.3444064102078786e+83
2023-09-06,-0.5025833673822407,2.1609800072886108e+83
2023-09-07,-0.5154264638112218,1.047153723765094e+83
2023-09-08,-0.5242410431842776,4.9819276324418026e+82
2023-09-11,-0.2552928913994574,3.710076922412881e+82
2023-09-12,-0.44496594240253495,2.059219048245537e+82
2023-09-13,0.11345744607032748,2.2928527823588462e+82
2023-09-14,0.09832105111649365,2.5182884779757445e+82
2023-09-15,0.3134630904958227,3.307678967042043e+82
2023-09-18,0.3307781378676859,4.401786856424321e+82
2023-09-19,-0.04345853142839758,4.210491663983297e+82
2023-09-20,-0.5359085154564477,1.9540533269962602e+82
2023-09-21,0.03940098096337308,2.0310449449346557e+82
2023-09-22,-0.5718313164990141,8.696298402040039e+81
2023-09-25,3.0397639969473595,3.51309931912722e+82
2023-09-26,-0.5723440211182248,1.5023979282302492e+82
2023-09-27,3.0182809239557113,6.037056935198192e+82
2023-09-28,3.1749544954719364,2.5204437991025727e+83
2023-09-29,-0.22164088761678283,1.9618103982812623e+83
2023-10-02,-0.1771322855160477,1.6143104386845545e+83
2023-10-03,0.41031816995694576,2.2766913436279954e+83
2023-10-04,-0.26041117825724913,1.6838154683057495e+83
2023-10-05,0.4418550451501189,2.427817828078455e+83
2023-10-06,0.29335384414335325,3.1400275208250364e+83
2023-10-09,0.132258105177322,3.5553216109339994e+83
2023-10-10,0.13366067469616627,4.0305282962132985e+83
2023-10-11,0.1354128659349347,4.5763136840353907e+83
2023-10-12,4.4324110770461616,2.4860417149191784e+84
2023-10-13,5.074656835107397,1.5101850295895902e+85
2023-10-16,0.007317501589213331,1.5212358109436182e+85
2023-10-17,0.4903824378006858,2.2672231363838528e+85
2023-10-18,-0.3289074522582183,1.521516550894953e+85
2023-10-19,0.032415834130745114,1.5708377790359474e+85
2023-10-20,0.2532902543955133,1.968715679702046e+85
2023-10-23,-0.5950239988499116,7.972826033672127e+84
2023-10-24,-0.5834044704922018,3.321443683171198e+84
2023-10-25,-0.5904755012739905,1.3602125593973557e+84
2023-10-26,-0.5685001311772985,5.8693154095095e+83
2023-10-27,-0.10431124909149947,5.257079787831579e+83
2023-10-30,-0.10266751477448204,4.7173484710437493e+83
2023-10-31,-0.07091034379358611,4.3828396691678893e+83
2023-11-01,-0.0708396901117981,4.0723606651943404e+83
2023-11-02,-0.4835657247533665,2.1031066286725375e+83
2023-11-03,-0.4342964865212014,1.1897348090606057e+83
2023-11-06,-0.1854039365372648,9.691532920253584e+82
2023-11-07,-0.21186593833640968,7.638227204185854e+82
2023-11-08,-0.36888960622372097,4.820564578586421e+82
2023-11-09,-0.5041707866888387,2.3901767427161544e+82
2023-11-10,-0.38116624383232134,1.4791220515996652e+82
2023-11-13,-0.2374900117232798,1.1278453382250989e+82
2023-11-14,-0.37540813959317926,7.044430180531746e+81
2023-11-15,0.2582683644285668,8.863783641588914e+81
2023-11-16,0.18934826014280573,1.0542125652406039e+82
2023-11-17,0.6473747370969205,1.7366831475075096e+82
2023-11-20,-0.4529656944879265,9.500252594912923e+81
2023-11-21,-0.46315590534569656,5.100154503303225e+81
2023-11-22,-0.6938255113108932,1.5615371972843105e+81
2023-11-23,-0.5389267780048786,7.199829868171085e+80
2023-11-24,0.13108346574446114,8.143608520061436e+80
2023-11-27,0.18101695500175866,9.617739737089335e+80
2023-11-28,0.21195125818251356,1.1656231775237377e+81
2023-11-29,0.3672505286728522,1.5936989057026603e+81
2023-11-30,0.10951414220424631,1.768231474292533e+81
2023-12-01,0.18603120902969836,2.097177713299539e+81
2023-12-04,-0.6922129098634091,6.454842258757747e+80
2023-12-05,-0.0002225003759509514,6.45340605392847e+80
2023-12-06,-0.7011377794672461,1.9286792632765793e+80
2023-12-07,2.7039469044977724,7.14372558698233e+80
2023-12-08,2.5701698631405647,2.5504313801190458e+81
2023-12-11,0.42773171240278823,3.641331761703171e+81
2023-12-12,2.758460953353168,1.368580324456607e+82
2023-12-13,2.9199947869191045,5.364827737349956e+82
2023-12-14,3.563696406297717,2.448344506535031e+83
2023-12-15,-0.22365411521511072,1.9007621821841618e+83
2023-12-18,-0.5270314061765702,8.990008165003969e+82
2023-12-19,-0.11703157684338734,7.937893333618627e+82
2023-12-20,-0.5034731774036544,3.9413769550503706e+82
2023-12-21,-0.7133423590155195,1.1298258201653342e+82
2023-12-22,-0.5778111881596601,4.7699982060213994e+81
2023-12-27,-0.5017707789418587,2.376552490634773e+81
2023-12-28,-0.5018945910163198,1.1837736503188173e+81
2023-12-29,-0.5268485274783262,5.601042457807054e+80
2024-01-02,-0.019476214290112065,5.491955354650787e+80
2024-01-03,-0.03998652886298345,5.272351123347827e+80
2024-01-04,0.30700384251680873,6.890983177313422e+80
2024-01-05,-0.09237331704371372,6.254440203532551e+80
2024-01-08,-0.05359301143407861,5.919245918190871e+80
2024-01-09,0.03195786241684225,6.10841236485587e+80
2024-01-10,0.19740950567382776,7.314271030253963e+80
2024-01-11,16.70364364061853,1.294892478105159e+82
2024-01-12,-0.18534312423866683,1.0548930606599994e+82
2024-01-15,3.7878136039326407,5.0506313465220855e+82
2024-01-16,3.455176556764174,2.2501454371883471e+83
2024-01-17,0.47147922342359966,3.3110422605040647e+83
2024-01-18,0.3375207877033226,4.4285878523883867e+83
2024-01-19,0.3622453858503802,6.032823367749124e+83
2024-01-22,0.29210117317907597,7.795018151050789e+83
2024-01-23,-0.5331943423216297,3.6387585746160977e+83
2024-01-24,-0.2611100923165396,2.6886419872804886e+83
2024-01-25,-0.16499147510430523,2.24503897977171e+83
2024-01-26,-0.3167250382559699,1.5339789230173715e+83
2024-01-29,-0.22931894042556258,1.1822085017558825e+83
2024-01-30,-0.3150039860233023,8.098081113921433e+82
2024-01-31,-0.5335088525054344,3.7776831513372794e+82
2024-02-01,-0.49962577079621845,1.8902552950265037e+82
2024-02-02,-0.395511504341479,1.1426375797011251e+82
2024-02-05,-0.4009311783140202,6.845185484856729e+81
2024-02-06,-0.44812292209456156,3.7777009631034543e+81
2024-02-07,-0.1990714247430598,3.0256686501252204e+81
2024-02-08,-0.15473893432971356,2.5574799075700207e+81
2024-02-09,0.05598595716127378,2.7006628681160545e+81
2024-02-12,-0.4352834875187601,1.525108916270081e+81
2024-02-13,-0.23731267184131452,1.1631812445010164e+81
2024-02-14,-0.23040251641356943,8.951813587229148e+80
2024-02-15,-0.16618887798070683,7.46412173127509e+80
2024-02-16,-0.717862884865388,2.1059057722755197e+80
2024-02-19,-0.7205964368437613,5.8839757644507076e+79
2024-02-20,-0.3173009148395619,4.016984871496688e+79
2024-02-21,-0.48922189812067735,2.0517879079410332e+79
2024-02-22,1.154096452865122,4.41974905452733e+79
2024-02-23,0.1676258990941495,5.1606134635629906e+79
2024-02-26,1.0482564919058666,1.0570260028959716e+80
2024-02-27,0.1951826041020216,1.2633390907447585e+80
2024-02-28,0.16965216626548374,1.4776673042174734e+80
2024-02-29,0.17359340054596825,1.7341805964321783e+80
2024-03-01,0.17713550586522406,2.0413655536428483e+80
2024-03-04,-0.6239995436239614,7.675543798000358e+79
2024-03-05,-0.6220731125783581,2.900794376846763e+79
2024-03-06,-0.41621230559856,1.6934480611920336e+79
2024-03-07,0.21190099835173945,2.052291396015443e+79
2024-03-08,-0.26434528680889297,1.5097778383203175e+79
2024-03-11,-0.4016287949247392,9.034075845116505e+78
2024-03-12,-0.41559024168116965,5.27960208127852e+78
2024-03-13,-0.41329403806000503,3.097574017756914e+78
2024-03-14,-0.4092758225904151,1.8298118636047558e+78
2024-03-15,-0.41736318439122355,1.0661157573738357e+78
2024-03-18,-0.1721706471323036,8.825619175088365e+77
2024-03-19,0.5358970535053504,1.3555242486378542e+78
2024-03-20,0.4771577052777438,2.0023230885662302e+78
2024-03-21,0.6824584437930215,3.3688253875599764e+78
2024-03-22,1.3197855401674794,7.814952421410737e+78
2024-03-25,0.37327734023291476,1.0732097075321714e+79
2024-03-26,0.27521239171502404,1.3685703179538816e+79
2024-03-27,8.966229586650106,1.3639485994203118e+80
2024-03-28,0.28854888402875506,1.7575144456556265e+80
2024-04-02,8.760044052036836,1.7153418411690015e+81
2024-04-03,-0.727961483931995,4.6663904902097465e+80
2024-04-04,0.1625175125786913,5.424760665399494e+80
2024-04-05,0.2172795767041309,6.603450366498716e+80
2024-04-08,0.22207171122602784,8.069889889383225e+80
2024-04-09,-0.15862884651094092,6.78977256476006e+80
2024-04-10,-0.23108859433906584,5.220733566887704e+80
2024-04-11,0.11836382005854489,5.838679535372405e+80
2024-04-12,-0.6274580792259091,2.175152888892012e+80
2024-04-15,-0.5324426550952647,1.017008709492214e+80
2024-04-16,-0.5845747682170352,4.2249107886609686e+79
2024-04-17,0.12319735341289073,4.7454086162295687e+79
2024-04-18,0.13232953432562514,5.3733663286000373e+79
2024-04-19,-0.04420971438657462,5.135811337918192e+79
2024-04-22,3.929959252104068,2.531934062243076e+80
2024-04-23,3.4263984269046808,1.1207348950139131e+81
2024-04-24,3.0366775424824186,4.524045381779055e+81
2024-04-25,3.6456808010597803,2.101727077325412e+82
2024-04-26,0.45583962364223735,3.0597775572521275e+82
2024-04-29,0.44651646996541117,4.426018630995736e+82
2024-04-30,0.4386992724759285,6.367709784378471e+82
2024-05-02,-0.21819152839672715,4.978329454138138e+82
2024-05-03,-0.63539443541107,1.8151266213357353e+82
2024-05-06,1.2921071064139644,4.160464627804808e+82
2024-05-07,-0.059000398260534714,3.914995557815457e+82
2024-05-08,-0.06441711353381518,3.662802844483277e+82
2024-05-10,0.9133728896861855,7.008307662899746e+82
2024-05-13,0.9014522815661646,1.3325962595538358e+83
2024-05-14,0.8117784897325279,2.4143692385576641e+83
2024-05-15,0.31149448037064587,3.166431929945056e+83
2024-05-16,0.3256988473906936,4.1977351598692505e+83
2024-05-17,0.24870099332333695,5.241716063837029e+83
2024-05-20,1.1731821501839834,1.1391203786263278e+84
2024-05-21,1.3961084495787854,2.7294559643139295e+84
2024-05-22,1.4352296162723464,6.646852000608479e+84
2024-05-23,-0.35749481665719673,4.270636863303429e+84
2024-05-24,1.317481472825906,9.89712180787304e+84
2024-05-27,-0.5865385037561711,4.092078791190616e+84
2024-05-28,0.11076703509471009,4.545346226264746e+84
2024-05-29,2.998683573704781,1.8175401291765856e+85
2024-05-30,2.3168629260307947,6.0285314710390376e+85
2024-05-31,0.9685394666834704,1.1867402126883704e+86
2024-06-03,7.1356480359789405,9.654900680575372e+86
2024-06-04,4.229889904104689,5.049406759447462e+87
2024-06-05,6.747369980586804,3.9119622347915364e+88
2024-06-07,7.573411339247599,3.3538861382470134e+89
2024-06-10,-0.4626015519175651,1.802373205739136e+89
2024-06-11,-0.46354984637794794,9.668833831030299e+88
2024-06-12,0.21417985190163838,1.173970322902192e+89
2024-06-13,-0.27461097150952424,8.515851920066712e+88
2024-06-14,-0.399292230528218,5.115538412055267e+88
2024-06-17,-0.1445974436151505,4.375844634956969e+88
2024-06-18,-0.1484397862247985,3.7262951927910255e+88
2024-06-19,-0.13172677134687635,3.235442357959277e+88
2024-06-20,5.435231864572009,2.0820821757925536e+89
2024-06-24,9.427856254628724,2.171165363948936e+90
2024-06-25,-0.6238668090669671,8.16647356385393e+89
2024-06-26,1.2027498936168055,1.7988698774003695e+90
2024-06-27,-0.0769737508660578,1.6604041156168977e+90
2024-06-28,-0.2929430191578974,1.174000320965885e+90
2024-07-01,-0.3200228202987819,7.982934272187074e+89
2024-07-02,-0.048531917819885494,7.595507162127743e+89
2024-07-03,-0.38361915799201945,4.681725100069946e+89
2024-07-04,0.005399336931134331,4.707003311304172e+89
2024-07-05,-0.2848726238161658,3.366106927701572e+89
2024-07-08,-0.26700280798746995,2.4673469260191766e+89
2024-07-09,-0.22450017520708476,1.9134271088312094e+89
2024-07-10,-0.10841170602085644,1.705989211616263e+89
2024-07-11,-0.12390079171943531,1.4946157976321928e+89
2024-07-12,-0.13421468723523747,1.294016405816143e+89
2024-07-15,-0.27211551368685444,9.418944668282661e+88
2024-07-16,-0.2622538912900651,6.948789777179722e+88
2024-07-17,-0.19568524459203496,5.589014150013676e+88
2024-07-18,-0.18869967922141728,4.534368972742133e+88
2024-07-19,-0.19710691873710587,3.640613476107795e+88
2024-07-22,-0.1932933557275985,2.936907080403802e+88
2024-07-23,-0.17703404848443788,2.4169745299373066e+88
2024-07-24,-0.19014554479371495,1.957397591189844e+88
2024-07-25,-0.07227068388532591,1.8159351286390644e+88
2024-07-26,-0.09776918512370203,1.638392630874518e+88
2024-07-29,-0.28529752273932835,1.1709632720116473e+88
2024-07-30,-0.21819690537337388,9.154627097528256e+87
2024-07-31,-0.004462456694980539,9.113774970546841e+87
2024-08-01,-0.010114344225597241,9.021595113300099e+87
2024-08-02,0.6654293747900123,1.5024829509152014e+88
2024-08-05,0.1570454191477972,1.7384410157040986e+88
2024-08-06,1.5832999998036896,4.490914675527124e+88
2024-08-07,1.1270761465226375,9.552517482382195e+88
2024-08-08,-0.13121966098591686,8.29903937678196e+88
2024-08-09,-0.3375704052848581,5.497529290886678e+88
2024-08-12,-0.6678946582597338,1.8257588438770435e+88
2024-08-13,-0.6616593219060851,6.17728485273321e+87
2024-08-14,-0.2586407406516136,4.579587323206299e+87
2024-08-15,-0.5698914784196735,1.9697195330322662e+87
2024-08-16,-0.7330247334492167,5.258663973615736e+86
2024-08-19,-0.5259913603671129,2.4926521564200675e+86
2024-08-20,0.5422965177499918,3.8444087408086785e+86
2024-08-21,0.47696209237528686,5.678045977770627e+86
2024-08-22,1.0867278722763103,1.1848536801880365e+87
2024-08-23,-0.35116847286672703,7.687704227458822e+86
2024-08-26,2.229200355175554,2.482513722179464e+87
2024-08-27,-0.3296530550091661,1.6641454895608274e+87
2024-08-28,-0.3445305256038691,1.0907965693611274e+87
2024-08-29,-0.7461951583672185,2.7684945054028235e+86
2024-08-30,-0.32979967517498876,1.855445916797231e+86
2024-09-02,23.461606306248473,4.538718753923013e+87
2024-09-03,-0.7773128323906621,1.0107144238864994e+87
2024-09-04,-0.25414445419815745,7.538469582776598e+86
2024-09-05,-0.7534157558903919,1.8588678238122402e+86
2024-09-06,-0.7704655174866737,4.266742639994156e+85
2024-09-09,-0.683216256238389,1.3516347071646483e+85
2024-09-10,-0.7308089953834425,3.6384790469625826e+84
2024-09-11,0.33874473044386594,4.8709946509515765e+84
2024-09-12,-0.44979041231179445,2.6800679585315218e+84
2024-09-13,0.00954313980164164,2.7056442217376884e+84
2024-09-16,-0.43488572723515756,1.528998166727692e+84
2024-09-17,-0.4056899669003074,9.08698951077304e+83
2024-09-18,-0.4196045712016055,5.274047173591632e+83
2024-09-19,-0.4182773551114943,3.068032671088473e+83
2024-09-20,-0.37703655196883457,1.9112722114535415e+83
2024-09-23,-0.35189462896826407,1.238705785746744e+83
2024-09-24,-0.322196826893536,8.395987121244788e+82
2024-09-25,-0.3243392304369577,5.672839119581645e+82
2024-09-26,-0.34421662397913516,3.720153589462482e+82
2024-09-27,-0.3405734475681553,2.4531680560161973e+82
2024-09-30,0.08337110502782585,2.657691387665231e+82
2024-10-01,-0.12474709567633302,2.3261521058499902e+82
2024-10-02,0.8467655724380992,4.295857625338147e+82
2024-10-03,0.08824109322011316,4.674928798515944e+82
2024-10-04,2.01799200918652,1.4108897757437058e+83
2024-10-07,-0.13373672581251653,1.222201996653387e+83
2024-10-08,0.41288682909723073,1.7268331035679082e+83
2024-10-09,1.0526880387973259,3.5446496566931094e+83
2024-10-10,-0.41194278846034305,2.084456792999952e+83
2024-10-11,-0.4311707961601381,1.1856998980007546e+83
2024-10-14,-0.34815341132519695,7.728944337038538e+82
2024-10-15,-0.34417107607215547,5.0688652476581926e+82
2024-10-16,0.5601211448166409,7.908043853097785e+82
2024-10-17,-0.3572233352005769,5.083106052981773e+82
2024-10-18,-0.24162110988469354,3.8549203267987135e+82
2024-10-21,-0.43117931525363856,2.1927584199323118e+82
2024-10-22,-0.6092037002412415,8.569218767744095e+81
2024-10-23,-0.5099540064195197,4.199311325247654e+81
2024-10-24,-0.3517550728167331,2.7221822642550334e+81
2024-10-25,-0.31568471221264155,1.862830939573326e+81
2024-10-28,-0.286501598422696,1.3291268977943158e+81
2024-10-29,-0.2648813485987613,9.770659726476695e+80
2024-10-30,-0.5801140379392242,4.102562859220143e+80
2024-10-31,0.18115644465752848,4.845768560780489e+80
2024-11-01,-0.015592835699981517,4.770209287772104e+80
2024-11-04,0.32805577005350367,6.335103968988556e+80
2024-11-05,0.37776625830305205,8.728292491314177e+80
2024-11-06,-0.23733961807636358,6.656722884966878e+80
2024-11-07,-0.3944897762128128,4.030713763765585e+80
2024-11-08,-0.23933343634011797,3.0660291877801573e+80
2024-11-11,-0.7474059104254631,7.744608512962856e+79
2024-11-12,0.40583538455990364,1.0887644687087039e+80
2024-11-13,-0.28614719126413746,7.772175740395174e+79
2024-11-14,-0.30313691264102083,5.4161423819483414e+79
2024-11-15,-0.30695175925218726,3.753647949448966e+79
2024-11-18,-0.7961024725031893,7.653595359861174e+78
2024-11-19,0.03678251042178068,7.935113810949362e+78
2024-11-20,-0.7501749523901317,1.982390185610148e+78
2024-11-21,0.01514687522468039,2.012417202398216e+78
2024-11-22,-0.26455674773859056,1.480018652238551e+78
2024-11-25,-0.6683510285968081,4.908466636724539e+77
2024-11-26,-0.2664261382701057,3.6007228258743665e+77
2024-11-27,-0.4864045440945421,1.849314881344134e+77
2024-11-28,-0.683459458468176,5.85383134003533e+76
2024-11-29,-0.2672362268903948,4.289475539871545e+76
2024-12-02,-0.5244424902490598,2.039892305878882e+76
2024-12-03,-0.25262197942619036,1.524570673751503e+76
2024-12-04,-0.2648251897609976,1.120825955771209e+76
2024-12-05,-0.7283430375856078,3.0448017454001458e+75
2024-12-06,-0.7114618688702136,8.785414052784699e+74
2024-12-09,-0.22639984901345067,6.796397637713595e+74
2024-12-10,-0.1765227701822334,5.596678699444405e+74
2024-12-11,-0.17674664402111842,4.607484521653129e+74
2024-12-12,-0.1856529776551953,3.752091300708002e+74
2024-12-13,-0.18659299827951278,3.051977335090419e+74
2024-12-16,0.17890738736968695,3.597998626422945e+74
2024-12-17,0.06027757083034254,3.8148772434746296e+74
2024-12-18,0.37241606756882567,5.235598824747252e+74
2024-12-19,-0.3467320572309307,3.4202488734067946e+74
2024-12-20,0.1365331320904607,3.8872261646218945e+74
2024-12-23,-0.7107443015717197,1.124402319196391e+74
2024-12-27,0.13808540688703716,1.279665870947353e+74
2024-12-30,23.302617314645044,3.1099229952245473e+75
2025-01-02,-0.715071994063495,8.861041576454133e+74
2025-01-03,-0.37173209056393114,5.567108066664925e+74
2025-01-07,20.327518016331204,1.1873259759065898e+76
2025-01-08,-0.1678523384560373,9.880305343410721e+75
2025-01-09,0.3313346894258638,1.3153993245802416e+76
2025-01-10,-0.45342640682041774,7.189625353018183e+75
2025-01-13,-0.47834472016043844,3.750506025470306e+75
2025-01-14,0.15265285585921692,4.323031481175549e+75
2025-01-15,0.20298512612610398,5.2005425716290855e+75
2025-01-16,-0.5269084809531464,2.460332585079835e+75
2025-01-17,-0.5909907280073933,1.0062988394831915e+75
2025-01-20,1.370596656843962,2.3855286646648127e+75
2025-01-21,0.9777465876981773,4.7179711763970226e+75
2025-01-22,-0.5846745760457832,1.9594933790408685e+75
2025-01-23,8.171033382654866,1.797057919227499e+76
2025-01-24,8.069776278700797,1.6298913287260982e+77
2025-01-27,8.311135000316145,1.5176138197613362e+78
2025-01-28,4.5076177572971945,8.35843682243716e+78
2025-01-29,12.22120630248793,1.1050861759575336e+80
2025-01-30,7.501508475979663,9.394899491590924e+80
2025-01-31,-0.5281306747413982,4.43316488396939e+80
2025-02-03,7.649459051144972,3.834447813086709e+81
2025-02-04,5.529794064070331,2.503815456888106e+82
2025-02-05,0.963236083576991,4.9155808515805396e+82
2025-02-06,1.1893111652718515,1.076173604216179e+83
2025-02-07,1.113897406835351,2.274920591257234e+83
2025-02-10,1.8797698097688897,6.551247638324176e+83
2025-02-11,1.8705795230569249,1.8805877321048418e+84
2025-02-12,1.8818213417934213,5.419517861494623e+84
2025-02-13,1.6813762788700892,1.4531766636724435e+85
2025-02-14,2.1375641020106637,4.559434933818282e+85
2025-02-17,0.4541845465446766,6.630259821734497e+85
2025-02-18,0.35481221877731434,8.982757020154194e+85
2025-02-19,0.43782921415527953,1.2915670467236124e+86
2025-02-20,18.369722225278426,2.5017294930359577e+87
2025-02-21,24.424027810553508,6.360404020542811e+88
2025-02-24,24.87174480727957,1.6455474969067857e+90
2025-02-25,25.822006968843425,4.413688642959666e+91
2025-02-26,4.028605200294083,2.219469766246591e+92
2025-02-27,26.282444061410416,6.055255974361427e+93
2025-02-28,2.5613531435152765,2.1564904899081726e+94
2025-03-03,1.9338154246251353,6.326745062350011e+94
2025-03-04,1.3988936992586425,1.5177188866887168e+95
2025-03-05,1.980456776877432,4.5234955412262574e+95
2025-03-06,14.397582006949593,6.965089355410214e+96
2025-03-07,2.492292192783007,2.4324127177935115e+97
2025-03-10,-0.3955174747596719,1.4703509820785113e+97
2025-03-11,0.9781281471699356,2.9085426638684613e+97
2025-03-12,-0.24146156269997007,2.2062414070712485e+97
2025-03-13,4.012230294151577,1.1058190016734113e+98
2025-03-14,3.750286163135501,5.2529567025815185e+98
2025-03-17,-0.2019273714584656,4.192240963244104e+98
2025-03-18,-0.2057457569353851,3.329705173005918e+98
2025-03-19,4.276918762877381,1.7570583702284804e+99
2025-03-20,3.461430171892559,7.838993226713708e+99
2025-03-21,4.467098360193355,4.285654701533333e+100
2025-03-24,0.2656445122981265,5.424115354600329e+100
2025-03-25,0.20933054702975318,6.5595483889312986e+100
2025-03-26,5.5582711312102155,4.3019296832904616e+101
2025-03-27,5.937047629904751,2.984269111348699e+102
2025-03-28,0.08344743839200348,3.233298724163129e+102
2025-03-31,-0.16382019862718647,2.7036190849496965e+102
2025-04-01,2.972326448288501,1.0739657597243234e+103
2025-04-02,4.192371693217057,5.576429410276928e+103
2025-04-03,5.302276777959917,3.5144201576321e+104
2025-04-04,1.7217057658681412,9.565217606710508e+104
2025-04-07,29.103127372817,2.879429639635182e+106
2025-04-08,2.0503736492039764,8.783336297480061e+106
2025-04-09,-0.3007813843836848,6.14147224641654e+106
2025-04-10,2.2986939432912448,2.0258837302145514e+107
2025-04-11,0.4721559921521543,2.98241687283891e+107
2025-04-14,0.47101151493586046,4.387169562285037e+107
2025-04-15,0.4910031498367573,6.541283636234938e+107
2025-04-16,0.4573751282907745,9.533104078544237e+107
2025-04-17,-0.18748957965582877,7.745746402042711e+107
2025-04-22,0.36767741675156174,1.0593682429958478e+108
2025-04-23,0.36958858106752634,1.4508986487526816e+108
2025-04-24,-0.19456282475080455,1.1686077092242345e+108
2025-04-25,-0.2608188419487773,8.638127998119562e+107
2025-04-28,2.795211362979483,3.2783521533334576e+108
2025-04-29,0.37692326374147567,4.5140393466617983e+108
2025-04-30,0.8507200140463466,8.354222963059685e+108
2025-05-02,0.3397451115095836,1.119252937522032e+109
2025-05-05,0.8672024639188569,2.0898718426895567e+109
2025-05-06,4.313638028493542,1.11048224979931e+110
2025-05-07,-0.07867456498496321,1.023115541872826e+110
2025-05-08,-0.09264841011945886,9.283255135498e+109
2025-05-09,-0.09290132234605257,8.420828457734453e+109
2025-05-12,40.74022843205754,3.514873034130069e+111
2025-05-13,10.524230306921046,4.050620634490127e+112
2025-05-14,10.54790746135037,4.6776192248128304e+113
2025-05-15,8.077501489695633,4.24610954814674e+114
2025-05-16,8.350645946506678,3.970386703480162e+115
2025-05-19,0.8714795946940973,7.430497698607886e+115
2025-05-20,11.263069171232196,9.112070725471015e+116
2025-05-21,7.494252688144694,7.740023125439674e+117
2025-05-22,0.045972891656218984,8.095854370002141e+117
2025-05-23,0.6597135383710794,1.3436799102573218e+118
2025-05-26,0.8484890052582991,2.483777540697117e+118
2025-05-27,0.42086922606142774,3.529123071959069e+118
2025-05-28,0.7166711599350283,6.058343797493445e+118
2025-05-30,0.8195807903109968,1.102364599501885e+119
2025-06-02,0.3877407286071512,1.5297962525034763e+119
2025-06-03,0.4039376277016508,2.1477385216066063e+119
2025-06-04,-0.7607966706271806,5.137462049905572e+118
2025-06-05,1.309508519592584,1.1865012373340502e+119
2025-06-09,0.1501547946362316,1.3646600869615791e+119
2025-06-10,-0.06748465374102615,1.2725664735187782e+119
2025-06-11,-0.05032623694672589,1.2085229916420126e+119
2025-06-12,1.8085573716369947,3.3942061569689685e+119
2025-06-13,1.280402902805273,7.740157573071566e+119
2025-06-16,7.014309796067896,6.203202066097656e+120
2025-06-17,1.2634749274733024,1.404079234666263e+121
2025-06-18,1.05336959200139,2.8830936052242885e+121
2025-06-19,-0.18461964772852668,2.3508178794594126e+121
2025-06-23,-0.17586983909398798,1.9373799172596158e+121
2025-06-24,28.465644942458955,5.708614876062235e+122
2025-06-25,-0.17601346716915292,4.703821778993117e+122
2025-06-26,-0.7480434511688473,1.1851587017519188e+122
2025-06-27,-0.3686615821135395,7.482362197084279e+121
2025-06-30,-0.269107653128007,5.4688012663732115e+121
2025-07-01,-0.7178804610733218,1.542855691750844e+121
2025-07-02,-0.810292318838019,2.9269157564961674e+120
2025-07-03,-0.17184377692071873,2.4239434981711036e+120
2025-07-04,-0.626423537687196,9.055282368928835e+119
2025-07-07,-0.8264434099152954,1.5716039302054344e+119
2025-07-08,-0.8268089401853155,2.7218775028120264e+118
2025-07-09,-0.8291218813943461,4.651093067555746e+117
2025-07-10,-0.23534286224726317,3.556491512458774e+117
2025-07-11,-0.2325520519462859,2.729422113506936e+117
2025-07-14,6.316219149966847,1.9969050335182431e+118
2025-07-15,5.6861864867759415,1.3351679450484536e+119
2025-07-16,6.0939701386362755,9.47164153223809e+119
2025-07-17,5.170811467281998,5.844771418111923e+120
2025-07-18,-0.20551969929883493,4.6435557537911354e+120
2025-07-21,-0.3756279500400421,2.899306425097929e+120
2025-07-22,-0.27749546454505253,2.0947620418069237e+120
2025-07-23,-0.1988079898048345,1.6783066111558185e+120
2025-07-24,1.5138774005508655,4.219057060979721e+120
2025-07-25,6.029022728708876,2.9655847975346123e+121
2025-07-28,8.298683326592524,2.757603391043137e+122
2025-07-29,9.713636298676944,2.954395978763438e+123
2025-07-30,0.6295580982893664,4.814359892747499e+123
2025-07-31,1.3743020323609472,1.1430744477867417e+124
2025-08-01,1.327870910805579,2.6609297558879075e+124
2025-08-04,1.3359218185069548,6.215723874292947e+124
2025-08-05,-0.48376550551132785,3.2087710721267898e+124
2025-08-06,1.4148023277653163,7.748547854237781e+124
2025-08-07,-0.02155076690949631,7.581560705544023e+124
2025-08-08,6.737488936596201,5.866224208127938e+125
2025-08-11,-0.6728514287427855,1.9191268683635395e+125
2025-08-12,-0.5572891057889638,8.49618371997648e+124
2025-08-13,0.2758973091220873,1.0840257946124876e+125
2025-08-14,-0.32498053349698014,7.317385135548335e+124
2025-08-15,-0.2732750993807985,5.317725985423786e+124
2025-08-18,-0.666269159139939,1.7746891645788766e+124
2025-08-19,2.4269562380733647,6.081782103194789e+124
2025-08-20,2.420472645850818,2.0802569322002833e+125
2025-08-21,7.338708216694633,1.7346655573374475e+126
2025-08-22,1.5746574400760955,4.4661695832426064e+126
2025-08-25,-0.11629821248883765,3.946762044039474e+126
2025-08-26,0.4015427466218496,5.531555715465949e+126
2025-08-27,0.4402586750625172,7.966871105791483e+126
2025-08-28,-0.023201190842460306,7.782030208848731e+126
2025-08-29,-0.31737267770571304,5.3122264434796596e+126
2025-09-01,-0.7634167155464203,1.2567839797595762e+126
2025-09-02,-0.7610306240072103,3.0033288340088068e+125
2025-09-03,-0.7846762614346093,6.466879926800119e+124
2025-09-04,5.559197214037254,4.241754079938078e+125
2025-09-05,1.0252100193901794,8.59044286247977e+125
2025-09-08,-0.17721948643303673,7.068048990158758e+125
2025-09-09,1.7252274715900748,1.9262041278525135e+126
2025-09-10,0.885043657258494,3.6309788737935097e+126
2025-09-11,-0.4743503473139776,1.908622783919843e+126
2025-09-12,-0.6486260898498478,6.706402505875843e+125
2025-09-15,-0.5146222204360787,3.2551387571639344e+125
