date,portfolio_value
2020-01-02,100000.0
2020-01-03,100000.0
2020-01-07,100000.0
2020-01-08,100000.0
2020-01-09,100000.0
2020-01-10,100000.0
2020-01-13,100000.0
2020-01-14,100000.0
2020-01-15,100000.0
2020-01-16,100000.0
2020-01-17,100000.0
2020-01-20,100000.0
2020-01-21,100000.0
2020-01-22,100000.0
2020-01-23,100000.0
2020-01-24,100000.0
2020-01-27,100000.0
2020-01-28,100000.0
2020-01-29,100000.0
2020-01-30,100000.0
2020-01-31,100000.0
2020-02-03,100000.0
2020-02-04,100000.0
2020-02-05,100000.0
2020-02-06,100000.0
2020-02-07,100000.0
2020-02-10,100000.0
2020-02-11,100000.0
2020-02-12,100000.0
2020-02-13,100000.0
2020-02-14,100000.0
2020-02-17,100000.0
2020-02-18,100000.0
2020-02-19,100000.0
2020-02-20,100000.0
2020-02-21,100000.0
2020-02-24,100000.0
2020-02-25,100000.0
2020-02-26,100000.0
2020-02-27,100000.0
2020-02-28,100000.0
2020-03-02,100000.0
2020-03-03,100000.0
2020-03-04,100000.0
2020-03-05,100000.0
2020-03-06,100000.0
2020-03-09,100000.0
2020-03-10,100000.0
2020-03-11,100000.0
2020-03-12,99379.0
2020-03-13,102805.70662689209
2020-03-16,97660.34627914429
2020-03-17,103898.89852666855
2020-03-18,100250.38827705383
2020-03-19,102757.15438389778
2020-03-20,103582.87972414494
2020-03-23,99747.34035241604
2020-03-24,105756.71166086197
2020-03-25,108993.51026535034
2020-03-26,110503.39560008049
2020-03-27,110112.53516304493
2020-03-30,113076.89803481102
2020-03-31,116278.0816091299
2020-04-01,115352.2407490015
2020-04-02,114472.39216887951
2020-04-03,115001.49142670631
2020-04-06,118393.79742896557
2020-04-07,119664.94328391552
2020-04-08,120309.26313650608
2020-04-09,120802.51195430756
2020-04-14,128511.70389664173
2020-04-15,123260.2044223547
2020-04-16,126397.6815366745
2020-04-17,129374.99213433266
2020-04-20,130979.65056693554
2020-04-21,128802.21197378635
2020-04-22,131000.4913982153
2020-04-23,130510.64653253555
2020-04-24,129082.28879606724
2020-04-27,130418.4120644331
2020-04-28,132093.72144544125
2020-04-29,132802.05031752586
2020-04-30,133170.76804327965
2020-05-04,129807.57944536209
2020-05-05,130261.59598565102
2020-05-06,131794.9669686556
2020-05-07,136112.7852896452
2020-05-08,139351.318436265
2020-05-11,141522.43560492992
2020-05-12,144795.9829186201
2020-05-13,142399.32818305492
2020-05-14,137649.60475075245
2020-05-15,137575.59818899632
2020-05-18,141283.73352205753
2020-05-19,141031.7213984728
2020-05-20,141232.18517029285
2020-05-22,143019.66377484798
2020-05-25,144066.19361031055
2020-05-26,143995.70116388798
2020-05-27,140239.71551024914
2020-05-28,144291.47480285168
2020-05-29,144469.06333434582
2020-06-01,145761.891223073
2020-06-02,147260.64345800877
2020-06-03,149602.9264484644
2020-06-04,149531.5138269663
2020-06-05,151658.89800798893
2020-06-08,150927.26575553417
2020-06-09,152085.03196251392
2020-06-10,153728.5225352049
2020-06-11,148029.9388076067
2020-06-12,147953.49185287952
2020-06-15,149547.9738842249
2020-06-16,153009.88615739346
2020-06-17,153694.45131194592
2020-06-18,151713.9053055048
2020-06-22,150501.54656231403
2020-06-23,153428.81662118435
2020-06-24,149284.565207839
2020-06-25,150547.43741858006
2020-06-26,151199.7394644022
2020-06-29,150128.3237386942
2020-06-30,150869.33770620823
2020-07-01,152446.82168591022
2020-07-02,158531.39529764652
2020-07-03,158018.59531652927
2020-07-06,161539.47543990612
2020-07-07,159782.625649333
2020-07-08,158609.0434089899
2020-07-09,158384.9041417837
2020-07-10,157528.8271459341
2020-07-13,157691.131270051
2020-07-14,153203.99006974697
2020-07-15,155038.7358685732
2020-07-16,153630.9535588026
2020-07-17,155016.23755657673
2020-07-20,157723.78348863125
2020-07-21,154809.5328131914
2020-07-22,153831.94986999035
2020-07-23,151976.53779232502
2020-07-24,147983.07497942448
2020-07-27,150815.9038361311
2020-07-28,149230.94245946407
2020-07-29,150002.14232122898
2020-07-30,147342.42926228046
2020-07-31,148944.60988247395
2020-08-03,156640.39235389233
2020-08-04,157195.16979157925
2020-08-05,160435.0217167139
2020-08-06,161619.1432760954
2020-08-07,164972.36054217815
2020-08-10,161352.0180798769
2020-08-11,162596.67178952694
2020-08-12,161028.18924939632
2020-08-13,173228.29762661457
2020-08-14,169885.9076782465
2020-08-17,173959.7401446104
2020-08-18,173730.60516417027
2020-08-19,175009.63548862934
2020-08-20,174294.75345551968
2020-08-21,174784.31308972836
2020-08-24,175850.99126565456
2020-08-25,175296.26332604885
2020-08-26,177260.07850897312
2020-08-27,176561.118262887
2020-08-28,175226.88361489773
2020-08-31,174512.06818401814
2020-09-01,174867.063680768
2020-09-02,175880.71706664562
2020-09-03,168013.14718139172
2020-09-04,166182.207595706
2020-09-07,170554.33150565624
2020-09-08,168658.4644676447
2020-09-09,171373.2554050684
2020-09-10,170837.677623868
2020-09-11,170793.01050913334
2020-09-14,172843.74529206753
2020-09-15,173961.05502068996
2020-09-16,175133.54988229275
2020-09-17,175214.48238170147
2020-09-18,175581.93079960346
2020-09-21,170429.59766805172
2020-09-22,171799.26288568974
2020-09-23,176737.4291986227
2020-09-24,173774.57133495808
2020-09-25,178545.8486133814
2020-09-28,181366.39907181263
2020-09-29,180340.18910348415
2020-09-30,180719.17945826054
2020-10-01,180430.10622656345
2020-10-02,178764.13146531582
2020-10-05,183147.8846553564
2020-10-06,181949.63593900204
2020-10-07,183609.03996551037
2020-10-08,186796.9366043806
2020-10-09,189385.4730271101
2020-10-12,195119.5198251009
2020-10-13,195278.56113278866
2020-10-14,196539.02682077885
2020-10-15,190554.54636132717
2020-10-16,190850.5138591528
2020-10-19,190495.23404300213
2020-10-20,188160.843963027
2020-10-21,184777.74601638317
2020-10-22,182758.83119761944
2020-10-23,181056.99046313763
2020-10-26,175421.2433282137
2020-10-27,177950.2892934084
2020-10-28,171907.8848401308
2020-10-29,172676.2310923338
2020-10-30,174952.87136399746
2020-11-02,173658.96373331547
2020-11-03,176849.18680250645
2020-11-04,182304.23453772068
2020-11-05,191663.60044276714
2020-11-06,191788.28175199032
2020-11-09,184905.74524605274
2020-11-10,182786.65576851368
2020-11-11,184946.45203125477
2020-11-12,184180.71861445904
2020-11-13,187063.1013239622
2020-11-16,185804.5054703951
2020-11-17,185049.4460517168
2020-11-18,186474.38565981388
2020-11-19,185277.36668097973
2020-11-20,184735.84473240376
2020-11-23,177788.7170008421
2020-11-24,175310.1143683195
2020-11-25,173130.07505071163
2020-11-26,174379.04250109196
2020-11-27,177264.84285962582
2020-11-30,177404.6427859068
2020-12-01,177968.77686965466
2020-12-02,176350.90896904469
2020-12-03,178385.3409537077
2020-12-04,181190.22291123867
2020-12-07,181977.20091497898
2020-12-08,185410.68762862682
2020-12-09,185532.72562730312
2020-12-10,182628.45213925838
2020-12-11,183502.21331369877
2020-12-14,184494.55696070194
2020-12-15,185413.71743023396
2020-12-16,185462.40850436687
2020-12-17,188401.3051441908
2020-12-18,190738.31637990475
2020-12-21,186506.4897171259
2020-12-22,191619.2999626398
2020-12-23,193591.5619903803
2020-12-28,194426.0909410715
2020-12-29,194411.12408483028
2020-12-30,193766.3590067625
2021-01-04,198822.61420953274
2021-01-05,199368.5926810503
2021-01-07,198630.8457235098
2021-01-08,198900.7941557169
2021-01-11,197483.02411854267
2021-01-12,195689.1780370474
2021-01-13,199536.72206914425
2021-01-14,201653.94431078434
2021-01-15,197407.62940585613
2021-01-18,199485.74216091633
2021-01-19,200619.04874503613
2021-01-20,204323.70959103107
2021-01-21,205394.73528683186
2021-01-22,206754.47021520138
2021-01-25,205073.93425381184
2021-01-26,206184.47783982754
2021-01-27,202043.8584216833
2021-01-28,198206.39216554165
2021-01-29,196277.59994494915
2021-02-01,204386.42868745327
2021-02-02,207342.2925504446
2021-02-03,210550.13575208187
2021-02-04,212504.99789011478
2021-02-05,213717.82086622715
2021-02-08,216298.09700381756
2021-02-09,213853.3458057642
2021-02-10,212706.72087299824
2021-02-11,228124.8175340891
2021-02-12,232669.34820353985
2021-02-15,227692.7229617834
2021-02-16,227611.64164197445
2021-02-17,224294.4977568388
2021-02-18,220897.2505081892
2021-02-19,223892.23123443127
2021-02-22,219374.03735148907
2021-02-23,212264.0586270094
2021-02-24,211610.5067909956
2021-02-25,210007.22141683102
2021-02-26,205463.73678672314
2021-03-01,212406.57860696316
2021-03-02,212941.66423928738
2021-03-03,209896.697540164
2021-03-04,205291.67315757275
2021-03-05,199491.68701589108
2021-03-08,201166.77301204205
2021-03-09,204935.413569808
2021-03-10,201439.06297957897
2021-03-11,206919.3302386999
2021-03-12,204226.69664752483
2021-03-15,203792.08135259151
2021-03-16,207219.78250062466
2021-03-17,203243.06853950024
2021-03-18,203646.11312901974
2021-03-19,204802.29478108883
2021-03-22,205558.37911307812
2021-03-23,207726.67112863064
2021-03-24,204961.92709767818
2021-03-25,202618.2890995741
2021-03-26,206024.5550726652
2021-03-29,205567.26467645168
2021-03-30,209256.72394883633
2021-03-31,211768.86114776134
2021-04-01,214526.8296598196
2021-04-06,219490.24318778515
2021-04-07,219238.5081256628
2021-04-08,220434.14165627956
2021-04-09,220783.89040505886
2021-04-12,217749.65264976025
2021-04-13,221103.18735969067
2021-04-14,222507.079149127
2021-04-15,224702.4720519781
2021-04-16,225384.15632092953
2021-04-19,222894.3529189825
2021-04-20,218581.5961817503
2021-04-21,217831.6549977064
2021-04-22,218295.17994773388
2021-04-23,218795.86718308926
2021-04-26,221739.81644570827
2021-04-27,222924.68680369854
2021-04-28,219632.88223683834
2021-04-29,220088.77849280834
2021-04-30,227397.904946208
2021-05-03,230945.94395148754
2021-05-04,223944.62439620495
2021-05-05,222505.49627053738
2021-05-06,215317.46509683132
2021-05-07,219457.4404901266
2021-05-10,213782.88124358654
2021-05-11,207515.37980496883
2021-05-12,207267.600135684
2021-05-14,207498.94668662548
2021-05-17,206014.48789584637
2021-05-18,210552.17712008953
2021-05-19,206625.56467187405
2021-05-20,213989.03328359127
2021-05-21,214154.53025138378
2021-05-24,216134.80346047878
2021-05-25,213957.92782199383
2021-05-26,213393.11733996868
2021-05-27,213087.7393091917
2021-05-28,216194.543328166
2021-05-31,217409.91783702374
2021-06-01,216279.86560332775
2021-06-02,216996.11158216
2021-06-03,215260.93102157116
2021-06-04,216555.07710587978
2021-06-07,216417.44608533382
2021-06-08,217504.9726485014
2021-06-09,217252.69934880733
2021-06-10,215877.4658087492
2021-06-11,215209.2440561056
2021-06-14,216790.55498206615
2021-06-15,215694.04604518414
2021-06-16,215242.30408799648
2021-06-17,213969.5752209425
2021-06-18,211669.14060533047
2021-06-21,208661.72890937328
2021-06-22,208641.32625377178
2021-06-23,207895.629678607
2021-06-24,212313.39519011974
2021-06-28,217121.76745688915
2021-06-29,220663.43145501614
2021-06-30,217981.84843432903
2021-07-01,215557.5688432455
2021-07-02,216682.94894254208
2021-07-05,216653.19820964336
2021-07-06,216015.1112984419
2021-07-07,214662.3958567381
2021-07-08,211588.14190232754
2021-07-09,211731.90359389782
2021-07-12,213362.79660356045
2021-07-13,213906.55007398129
2021-07-14,213754.81460559368
2021-07-15,211159.974552989
2021-07-16,212380.82039248943
2021-07-19,209792.00770127773
2021-07-20,207138.34407126904
2021-07-21,211128.34584319592
2021-07-22,212396.49647367
2021-07-23,213885.60647952557
2021-07-26,213899.1782220602
2021-07-27,211834.68162429333
2021-07-28,213044.5721052885
2021-07-29,213994.78043973446
2021-07-30,212259.49681174755
2021-08-02,212962.05481231213
2021-08-03,209482.72472465038
2021-08-04,209502.9771655798
2021-08-05,205764.17088210583
2021-08-06,202623.4186757803
2021-08-09,204909.31936872005
2021-08-10,205589.88205611706
2021-08-11,203042.99735486507
2021-08-12,209255.0472291708
2021-08-13,207105.46034944057
2021-08-16,206850.48286426067
2021-08-17,206244.1166833639
2021-08-18,207468.2985895872
2021-08-19,205399.2099789381
2021-08-20,207564.40665996075
2021-08-23,208171.86722171307
2021-08-24,208423.92558848858
2021-08-25,206684.25737655163
2021-08-26,206183.10449445248
2021-08-27,205427.61704337597
2021-08-30,204600.5115455389
2021-08-31,206417.24621999264
2021-09-01,207081.79527652264
2021-09-02,210377.08548009396
2021-09-03,212736.37404429913
2021-09-06,213851.87221610546
2021-09-07,212836.73194682598
2021-09-08,208027.70956361294
2021-09-09,205351.3501394987
2021-09-10,202235.85031878948
2021-09-13,200251.2753676176
2021-09-14,199197.32130134106
2021-09-15,197274.09504783154
2021-09-16,198566.49047076702
2021-09-17,198937.51833617687
2021-09-20,196290.58751761913
2021-09-21,193895.27129352093
2021-09-22,194862.47135961056
2021-09-23,196041.77486598492
2021-09-24,195359.2307742834
2021-09-27,191671.50753486156
2021-09-28,188755.94485223293
2021-09-29,187075.1124638319
2021-09-30,188030.08633935452
2021-10-01,187131.11196887493
2021-10-04,183302.85852611065
2021-10-05,185680.57966983318
2021-10-06,182564.310677886
2021-10-07,185314.1020206213
2021-10-08,182939.2859982252
2021-10-11,183731.86285674572
2021-10-12,187538.97998082638
2021-10-13,192034.959115386
2021-10-14,193946.54058253765
2021-10-15,195231.23591935635
2021-10-18,194797.09398543835
2021-10-19,196839.76144778728
2021-10-20,197914.7832363844
2021-10-21,200287.62625682354
2021-10-22,198568.10354697704
2021-10-25,195842.59760844707
2021-10-26,194546.32180583477
2021-10-27,195207.17025506496
2021-10-28,197914.86082208157
2021-10-29,199716.4169319868
2021-11-01,202538.73974072933
2021-11-02,200944.92235171795
2021-11-03,199194.34931075573
2021-11-04,202418.27526891232
2021-11-05,193552.3867663145
2021-11-08,193125.58706843853
2021-11-09,195573.78919398785
2021-11-10,197970.51202189922
2021-11-11,199942.16766154766
2021-11-12,203071.81230294704
2021-11-15,207751.49137198925
2021-11-16,206322.25715100765
2021-11-17,205341.94283425808
2021-11-18,204050.14233338833
2021-11-19,207110.12595450878
2021-11-22,203825.9541043043
2021-11-23,201159.19271171093
2021-11-24,202263.03951060772
2021-11-25,203447.5989946127
2021-11-26,200711.20178163052
2021-11-29,202847.30492055416
2021-11-30,201718.0216177702
2021-12-01,201829.18685519695
2021-12-02,197797.38252580166
2021-12-03,192396.5890468359
2021-12-06,188506.25780808926
2021-12-07,193276.4091962576
2021-12-08,195379.40931975842
2021-12-09,194576.87913167477
2021-12-10,192614.93662011623
2021-12-13,192940.12537753582
2021-12-14,189307.6448839903
2021-12-15,189972.46515786648
2021-12-16,190165.3979896307
2021-12-17,192330.75287377834
2021-12-20,190150.18780505657
2021-12-21,193227.68619811535
2021-12-22,196210.35462415218
2021-12-23,196628.8083561659
2021-12-27,200551.28275716305
2021-12-28,199243.18050420284
2021-12-29,201815.29063737392
2021-12-30,201764.38426721096
2022-01-03,202960.53859698772
2022-01-04,199419.35230767727
2022-01-05,199238.12110984325
2022-01-07,194044.83659684658
2022-01-10,189298.1319283247
2022-01-11,191236.7278856039
2022-01-12,187920.9820626974
2022-01-13,185677.48768651485
2022-01-14,182794.36977946758
2022-01-17,181641.97819793224
2022-01-18,179470.2443422079
2022-01-19,180675.56520736217
2022-01-20,185409.16668117046
2022-01-21,178322.90819442272
2022-01-24,168478.03153455257
2022-01-25,168486.68559014797
2022-01-26,173302.20251595974
2022-01-27,174542.82363641262
2022-01-28,172698.86497676373
2022-01-31,176510.2542399168
2022-02-01,178798.4066017866
2022-02-02,178734.79581201077
2022-02-03,174299.70150601864
2022-02-04,171519.9986976385
2022-02-07,172192.01934611797
2022-02-08,169638.16543138027
2022-02-09,174251.68677079678
2022-02-10,173170.9916371107
2022-02-11,172294.4556530714
2022-02-14,168262.85960948467
2022-02-15,171229.4139264822
2022-02-16,170283.56063735485
2022-02-17,167124.89891564846
2022-02-18,165347.1386011839
2022-02-21,161492.6343716383
2022-02-22,163167.33868014812
2022-02-23,161945.59142434597
2022-02-24,157309.83259427547
2022-02-25,161335.5867112875
2022-02-28,164240.87347638607
2022-03-01,159472.7108887434
2022-03-02,160777.0886052847
2022-03-03,153569.90921008587
2022-03-04,150132.54104220867
2022-03-07,148073.27256381512
2022-03-08,149741.8267520666
2022-03-09,155017.8754028082
2022-03-10,154103.55381381512
2022-03-11,160094.39322268963
2022-03-14,160400.91960084438
2022-03-15,157184.78354108334
2022-03-16,163459.66805922985
2022-03-17,162832.06304061413
2022-03-18,165065.39459836483
2022-03-21,165224.25314986706
2022-03-22,165497.12943208218
2022-03-23,163475.77976739407
2022-03-24,162775.45548427105
2022-03-25,163624.99431741238
2022-03-28,164329.17908370495
2022-03-29,168369.91640222073
2022-03-30,167807.65707671642
2022-03-31,165889.4725946188
2022-04-01,168268.34178102016
2022-04-04,171221.5515474081
2022-04-05,172631.13506639004
2022-04-06,170417.25464236736
2022-04-07,171760.89354741573
2022-04-08,172553.2710174322
2022-04-11,170605.53520047665
2022-04-12,169933.1797388792
2022-04-13,170358.91554248333
2022-04-14,168976.54901635647
2022-04-19,168382.93147075176
2022-04-20,166642.35795342922
2022-04-21,164365.79360568523
2022-04-22,161307.33346402645
2022-04-25,161286.65651929379
2022-04-26,157629.17974364758
2022-04-27,156651.31318461895
2022-04-28,155365.55395066738
2022-04-29,158577.16309583187
2022-05-02,157886.1586164236
2022-05-03,159434.07567489147
2022-05-04,158974.67754495144
2022-05-05,159859.1942819357
2022-05-06,161811.48522794247
2022-05-09,153001.2375138998
2022-05-10,154779.85070502758
2022-05-11,157178.08376014233
2022-05-12,156682.06887042522
2022-05-13,161594.33190906048
2022-05-16,162343.09448182583
2022-05-17,165197.68425261974
2022-05-18,163616.2058995962
2022-05-19,165172.02246844769
2022-05-20,166715.10170304775
2022-05-23,166924.71287810802
2022-05-24,164060.2755612135
2022-05-25,164491.58854186535
2022-05-27,169903.41246068478
2022-05-30,172097.59638631344
2022-05-31,170623.3668550253
2022-06-01,167864.5668090582
2022-06-02,168644.36621701717
2022-06-03,166733.09808671474
2022-06-07,167275.37486350536
2022-06-08,168165.54743993282
2022-06-09,163663.34459865093
2022-06-10,160481.6624110937
2022-06-13,158330.62799346447
2022-06-14,154300.13238799572
2022-06-15,156314.81024158
2022-06-16,151723.44012868404
2022-06-17,156885.51880443096
2022-06-20,157122.04599368572
2022-06-21,157005.21117389202
2022-06-22,156445.1781910658
2022-06-23,155598.6948055029
2022-06-27,158728.50588548183
2022-06-28,157345.77681434155
2022-06-29,156099.16993510723
2022-06-30,149730.6995805502
2022-07-01,150717.40452373028
2022-07-04,150687.36869370937
2022-07-05,151275.5204423666
2022-07-06,154818.45964992046
2022-07-07,158810.4895619154
2022-07-08,159959.80736148357
2022-07-11,159790.60920274258
2022-07-12,160650.97708833218
2022-07-13,159498.34289109707
2022-07-14,156185.64247834682
2022-07-15,156926.7701343298
2022-07-18,160271.90929877758
2022-07-19,160837.64221990108
2022-07-20,160043.11837852
2022-07-21,162163.04385507107
2022-07-22,163034.14890372753
2022-07-25,159675.7113226652
2022-07-26,158395.16073834896
2022-07-27,158698.96534335613
2022-07-28,162488.83063733578
2022-07-29,165074.15966165066
2022-08-01,164171.35143983364
2022-08-02,163287.93852078915
2022-08-03,165403.11240708828
2022-08-04,167212.6452435255
2022-08-05,165374.99796378613
2022-08-08,164105.41060197353
2022-08-09,161741.24748694897
2022-08-10,165173.0485008955
2022-08-11,160247.64984166622
2022-08-12,162363.4586828947
2022-08-15,162873.61513793468
2022-08-16,163156.64981591702
2022-08-17,161076.3455117941
2022-08-18,161618.15860784054
2022-08-19,160609.69189584255
2022-08-22,157541.19568145275
2022-08-23,157574.86427867413
2022-08-24,157637.80191648006
2022-08-25,158169.21255338192
2022-08-26,155346.48517787457
2022-08-29,152776.90256536007
2022-08-30,153173.25046670437
2022-08-31,153523.75196015835
2022-09-01,150417.8457058668
2022-09-02,150319.1220601797
2022-09-05,148342.09566247463
2022-09-06,148886.94123256207
2022-09-07,146524.04461419582
2022-09-08,147710.11208856106
2022-09-09,150411.28752696514
2022-09-12,152625.6690596342
2022-09-13,149616.66144931316
2022-09-14,147951.13268077374
2022-09-15,146048.61022174358
2022-09-16,143644.74583899975
2022-09-19,142928.0608114004
2022-09-20,141048.70056521893
2022-09-21,142238.00236976147
2022-09-22,139803.62988173962
2022-09-23,138955.38232672215
2022-09-26,137821.71391379833
2022-09-27,138409.1851338148
2022-09-28,139919.50789439678
2022-09-29,137862.48826396465
2022-09-30,142913.62472474575
2022-10-03,143428.14179623127
2022-10-04,146631.79583394527
2022-10-05,141828.43651545048
2022-10-06,142469.11378848553
2022-10-07,141091.12042105198
2022-10-10,140916.0101698637
2022-10-11,138572.53810465336
2022-10-12,137853.49463427067
2022-10-13,138106.2557915449
2022-10-14,139321.0811380148
2022-10-17,141882.49617421627
2022-10-18,142872.25369679928
2022-10-19,137393.0201355219
2022-10-20,137315.99453914165
2022-10-21,135642.85702455044
2022-10-24,136901.74787461758
2022-10-25,139451.9496229887
2022-10-26,140760.79587590694
2022-10-27,139609.44213831425
2022-10-28,139350.4081734419
2022-10-31,140755.41583573818
2022-11-01,141533.22782981396
2022-11-02,142766.17419326305
2022-11-03,139583.1761006117
2022-11-04,141427.46863019466
2022-11-07,142697.68086898327
2022-11-08,144349.0858501196
2022-11-09,141399.80379521847
2022-11-10,147748.56694114208
2022-11-11,149650.05153119564
2022-11-14,149960.74729907513
2022-11-15,148550.36571204662
2022-11-16,145115.81716787815
2022-11-17,141811.11945664883
2022-11-18,143946.61567008495
2022-11-21,143534.14972865582
2022-11-22,143132.9694236517
2022-11-23,144500.78995215893
2022-11-24,146691.70086324215
2022-11-25,147935.75493609905
2022-11-28,147767.67127645016
2022-11-29,146454.86081159115
2022-11-30,146297.84007441998
2022-12-01,149923.99323022366
2022-12-02,150655.3918107748
2022-12-05,151628.78677785397
2022-12-06,149824.25489032269
2022-12-07,147804.37207877636
2022-12-08,148614.22473847866
2022-12-09,150814.94754064083
2022-12-12,151829.30955779552
2022-12-13,152246.92679965496
2022-12-14,152537.70989120007
2022-12-15,148919.48215663433
2022-12-16,147581.8844486475
2022-12-19,145377.4040955305
2022-12-20,145183.58017456532
2022-12-21,147342.3283547163
2022-12-22,145623.2139478922
2022-12-23,146742.58843314648
2022-12-27,146951.32399260998
2022-12-28,146185.935593009
2022-12-29,148730.83781683445
2022-12-30,146387.49876105785
2023-01-02,149162.25056540966
2023-01-03,150367.5219706297
2023-01-04,150910.96027457714
2023-01-05,151314.42884099483
2023-01-09,153739.6855186224
2023-01-10,152827.73193585873
2023-01-11,153170.58675706387
2023-01-12,152033.7090395689
2023-01-13,152577.7877920866
2023-01-16,152456.37924945354
2023-01-17,152338.45850408077
2023-01-18,152819.82567679882
2023-01-19,148718.68948447704
2023-01-20,149048.4932063818
2023-01-23,149455.25501811504
2023-01-24,148592.04023969173
2023-01-25,148050.4291881323
2023-01-26,148625.85390365124
2023-01-27,149304.86103236675
2023-01-30,149530.77997767925
2023-01-31,149967.82828605175
2023-02-01,150556.61921346188
2023-02-02,155279.99746072292
2023-02-03,155673.3468517065
2023-02-06,153881.66841733456
2023-02-07,152779.966781497
2023-02-08,153358.20596683025
2023-02-09,156607.84536254406
2023-02-10,153292.17223775387
2023-02-13,154367.7796844244
2023-02-14,154045.90918719769
2023-02-15,155061.86593139172
2023-02-16,156590.5229510069
2023-02-17,155829.44775760174
2023-02-20,155918.54691112041
2023-02-21,154495.0440558195
2023-02-22,152879.5501807928
2023-02-23,151399.27319419384
2023-02-24,148317.66053950787
2023-02-27,150229.33111608028
2023-02-28,150352.27589929104
2023-03-01,149444.5881227255
2023-03-02,149625.03216302395
2023-03-03,152101.81595742702
2023-03-06,152080.01395738125
2023-03-07,150876.62710607052
2023-03-08,150869.65174090862
2023-03-09,151294.02592170238
2023-03-10,149240.6244033575
2023-03-13,147390.37906825542
2023-03-14,148853.4370726347
2023-03-15,145328.2158573866
2023-03-16,147812.3722537756
2023-03-17,146060.20663154125
2023-03-20,146096.8359440565
2023-03-21,147266.7166260481
2023-03-22,147279.49087512493
2023-03-23,147802.43879163265
2023-03-24,146553.98653542995
2023-03-27,148376.26071107388
2023-03-28,145638.35742938519
2023-03-29,147352.6137508154
2023-03-30,149956.67513358593
2023-03-31,151004.84485852718
2023-04-03,150712.65870416164
2023-04-04,150797.50838029385
2023-04-05,150142.8788765669
2023-04-06,151200.44436776638
2023-04-11,152520.39196145535
2023-04-12,151732.62477242947
2023-04-13,153019.91128766537
2023-04-14,153317.70466029644
2023-04-17,154017.31492745876
2023-04-18,154243.10135495663
2023-04-19,153269.2174075842
2023-04-20,151784.89808404446
2023-04-21,152377.84550082684
2023-04-24,153672.08369863033
2023-04-25,153867.74927699566
2023-04-26,152599.33769023418
2023-04-27,152799.94682729244
2023-04-28,154201.77182424068
2023-05-02,151615.02939498425
2023-05-03,152627.63642156124
2023-05-04,149188.33942735195
2023-05-05,150362.52695262432
2023-05-08,151846.94221627712
2023-05-09,151120.8433674574
2023-05-10,151441.06155765057
2023-05-11,153838.3046940565
2023-05-12,153446.86533772945
2023-05-15,154736.1397870779
2023-05-16,152042.90556514263
2023-05-17,150164.6593412161
2023-05-19,151423.869479537
2023-05-22,150850.68710410595
2023-05-23,151077.15216958523
2023-05-24,143551.49124372005
2023-05-25,141670.49522721767
2023-05-26,144598.66126811504
2023-05-29,143429.93892467022
2023-05-30,143706.20993936062
2023-05-31,143562.6182640791
2023-06-01,144856.9757670164
2023-06-02,145706.1233114004
2023-06-05,146063.16990220547
2023-06-07,145386.41429555416
2023-06-08,144584.5552366972
2023-06-09,144188.23024117947
2023-06-12,144983.34700524807
2023-06-13,144922.4809526205
2023-06-14,144847.29970538616
2023-06-15,145170.24360358715
2023-06-16,145363.6506127119
2023-06-19,143194.52261722088
2023-06-20,142254.82208001614
2023-06-21,140480.55834949017
2023-06-22,140797.04511392117
2023-06-26,140268.54492890835
2023-06-27,140249.54015529156
2023-06-28,141617.045424819
2023-06-29,143075.37094962597
2023-06-30,144337.90586316586
2023-07-03,148793.07607114315
2023-07-04,148324.07330024242
2023-07-05,147593.7659457922
2023-07-06,143229.65459287167
2023-07-07,143141.41546285152
2023-07-10,142997.80466926098
2023-07-11,142985.78706395626
2023-07-12,144595.2476142645
2023-07-13,142768.0439018011
2023-07-14,142600.86409127712
2023-07-17,142073.20326840878
2023-07-18,143815.87434995174
2023-07-19,145921.14710223675
2023-07-20,147157.73983228207
2023-07-21,148559.01908242702
2023-07-24,148030.60817325115
2023-07-25,149215.01832950115
2023-07-26,149315.031360507
2023-07-27,150821.30228555202
2023-07-28,151970.93699634075
2023-07-31,152228.86933267117
2023-08-01,151476.34141528606
2023-08-02,149598.96975886822
2023-08-03,148669.188043952
2023-08-04,149257.1447519064
2023-08-07,148720.0816630125
2023-08-08,148187.72889888287
2023-08-09,149110.31494224072
2023-08-10,150882.75391709805
2023-08-11,148249.51496207714
2023-08-14,148743.32169616222
2023-08-15,145907.15118300915
2023-08-16,144420.19681441784
2023-08-17,145267.62585914135
2023-08-18,144293.25448024273
2023-08-21,142695.53687512875
2023-08-22,143462.4755257368
2023-08-23,141997.88042104244
2023-08-24,139927.49154508114
2023-08-25,140071.92163312435
2023-08-28,141717.1829022169
2023-08-29,142988.4816635847
2023-08-30,142409.10532224178
2023-08-31,143401.60546815395
2023-09-01,144233.4255837202
2023-09-04,143496.51456725597
2023-09-05,143954.92720210552
2023-09-06,143594.72949826717
2023-09-07,142933.22067582607
2023-09-08,142819.5117162466
2023-09-11,142926.8931311369
2023-09-12,141842.9545377493
2023-09-13,140141.25495660305
2023-09-14,142110.10377633572
2023-09-15,142550.03827273846
2023-09-18,141215.8826650381
2023-09-19,139700.31188571453
2023-09-20,142252.41770493984
2023-09-21,141413.93041551113
2023-09-22,142141.1522730589
2023-09-25,139695.82820355892
2023-09-26,137744.87395703793
2023-09-27,136518.6092737913
2023-09-28,135961.66076552868
2023-09-29,137480.06508004665
2023-10-02,136044.38814103603
2023-10-03,135058.79757153988
2023-10-04,134416.29993760586
2023-10-05,135302.29830682278
2023-10-06,135775.96934497356
2023-10-09,134728.6759418249
2023-10-10,136490.58964383602
2023-10-11,135738.94432151318
2023-10-12,136783.0285857916
2023-10-13,135128.71233689785
2023-10-16,134307.25959575176
2023-10-17,134515.1515659094
2023-10-18,131789.58359515667
2023-10-19,130174.75261723995
2023-10-20,128077.20150029659
2023-10-23,127129.01107156277
2023-10-24,129343.36966645718
2023-10-25,128192.89043605328
2023-10-26,127591.27224957943
2023-10-27,127757.08978164196
2023-10-30,129492.0950011015
2023-10-31,129555.79481112957
2023-11-01,130411.49088037014
2023-11-02,132451.5447000265
2023-11-03,131971.28892314434
2023-11-06,132275.96463620663
2023-11-07,131302.55692613125
2023-11-08,130458.447437644
2023-11-09,132065.22735631466
2023-11-10,130159.6815046072
2023-11-13,130322.75510966778
2023-11-14,132483.30564630032
2023-11-15,131545.19353806973
2023-11-16,130758.91913926601
2023-11-17,132158.7981518507
2023-11-20,132251.8186854124
2023-11-21,131742.32715833187
2023-11-22,131971.3462280035
2023-11-23,132950.84506881237
2023-11-24,133604.89875495434
2023-11-27,132185.39740598202
2023-11-28,131920.97551429272
2023-11-29,133101.63755357265
2023-11-30,133544.37237775326
2023-12-01,134312.87079560757
2023-12-04,134448.77631890774
2023-12-05,135160.79776656628
2023-12-06,136815.82635819912
2023-12-07,137203.27204453945
2023-12-08,140810.91573607922
2023-12-11,141714.46225774288
2023-12-12,138334.0136412382
2023-12-13,138876.3779476881
2023-12-14,142552.80191600323
2023-12-15,141695.79167354107
2023-12-18,141336.57616269588
2023-12-19,141944.46205174923
2023-12-20,141454.1296261549
2023-12-21,140563.4380787611
2023-12-22,140868.31990230083
2023-12-27,141258.18014466763
2023-12-28,140844.76274096966
2023-12-29,140504.51059663296
2024-01-02,142121.43728530407
2024-01-03,139856.3698900938
2024-01-04,140868.3671168089
2024-01-05,140021.09786117077
2024-01-08,140428.85145270824
2024-01-09,140637.918055892
2024-01-10,139824.00597894192
2024-01-11,137651.5436156988
2024-01-12,139247.78018271923
2024-01-15,137247.80569827557
2024-01-16,136159.26998364925
2024-01-17,135024.18300139904
2024-01-18,135019.59323775768
2024-01-19,134077.31692779064
2024-01-22,134100.64442622662
2024-01-23,134536.67378556728
2024-01-24,135842.40683877468
2024-01-25,136686.2754663229
2024-01-26,138131.67890393734
2024-01-29,139875.0982259512
2024-01-30,138107.1033667326
2024-01-31,138373.20056569576
2024-02-01,137065.53107774258
2024-02-02,136954.0455840826
2024-02-05,136035.5141724348
2024-02-06,137601.12899196148
2024-02-07,137222.37350022793
2024-02-08,133708.31284081936
2024-02-09,132184.28404653072
2024-02-12,132624.87448108196
2024-02-13,132399.85118234158
2024-02-14,132847.19621646404
2024-02-15,133278.96635568142
2024-02-16,133896.36431729794
2024-02-19,134814.97020089626
2024-02-20,132809.78854453564
2024-02-21,132407.63914859295
2024-02-22,132894.6016420126
2024-02-23,133825.19349515438
2024-02-26,134054.4667147398
2024-02-27,135019.6243737936
2024-02-28,134540.2553819418
2024-02-29,135301.56173741817
2024-03-01,136408.94772946835
2024-03-04,135272.66633236408
2024-03-05,134651.4336925745
2024-03-06,134668.98257410526
2024-03-07,134545.07627260685
2024-03-08,134861.78027546406
2024-03-11,135137.3073784113
2024-03-12,135942.46213781834
2024-03-13,135472.6657873392
2024-03-14,134493.16706621647
2024-03-15,134190.7945319414
2024-03-18,133297.03283131123
2024-03-19,133436.31714594364
2024-03-20,133743.43819344044
2024-03-21,136065.98257505894
2024-03-22,136464.97752344608
2024-03-25,136777.52351152897
2024-03-26,137205.52109777927
2024-03-27,139667.66736471653
2024-03-28,140153.1757570505
2024-04-02,139771.9834381342
2024-04-03,139156.5536981821
2024-04-04,138932.03811705112
2024-04-05,137978.68767797947
2024-04-08,137689.48415195942
2024-04-09,138504.0217872858
2024-04-10,138152.4972616434
2024-04-11,137972.46074736118
2024-04-12,138324.88400280476
2024-04-15,137847.09041702747
2024-04-16,136804.90953028202
2024-04-17,137435.92289841175
2024-04-18,137003.99628078938
2024-04-19,136106.8511749506
2024-04-22,136638.47499477863
2024-04-23,138266.28024446964
2024-04-24,138824.86408245564
2024-04-25,139545.9940186739
2024-04-26,140083.71694529057
2024-04-29,140335.96703636646
2024-04-30,141802.43783533573
2024-05-02,140989.71821033955
2024-05-03,142488.72116291523
2024-05-06,144336.8859130144
2024-05-07,145909.94664299488
2024-05-08,146460.53184187412
2024-05-10,148766.2665501833
2024-05-13,148849.09625256062
2024-05-14,149989.5350433588
2024-05-15,149422.17151796818
2024-05-16,150299.72610342503
2024-05-17,151018.19730579853
2024-05-20,153460.94685566425
2024-05-21,153487.94352066517
2024-05-22,153647.49346148968
2024-05-23,152207.01923000813
2024-05-24,150385.637275815
2024-05-27,149171.14753448963
2024-05-28,150370.4838181734
2024-05-29,149404.88707721233
2024-05-30,150429.55518639088
2024-05-31,149511.13126766682
2024-06-03,149765.86455380917
2024-06-04,149492.65361845493
2024-06-05,150154.5829335451
2024-06-07,151394.02623403072
2024-06-10,150966.2534531355
2024-06-11,149131.6778150797
2024-06-12,151514.76809298992
2024-06-13,150053.2484420538
2024-06-14,148661.5625706911
2024-06-17,146816.56661474705
2024-06-18,146778.96052706242
2024-06-19,145956.95485436916
2024-06-20,146862.28826725483
2024-06-24,147400.0740071535
2024-06-25,146768.0296677351
2024-06-26,146353.83540666103
2024-06-27,145529.7311426401
2024-06-28,145023.83570063114
2024-07-01,146405.75473463535
2024-07-02,145289.98958194256
2024-07-03,144471.04049503803
2024-07-04,144276.23899400234
2024-07-05,145013.2725750208
2024-07-08,144346.25649487972
2024-07-09,144191.2391604185
2024-07-10,144812.06515967846
2024-07-11,145676.90033614635
2024-07-12,148367.6939214468
2024-07-15,146971.00298678875
2024-07-16,147889.9431580305
2024-07-17,145494.63671815395
2024-07-18,144448.50407540798
2024-07-19,142312.0348662138
2024-07-22,143461.3002089262
2024-07-23,144706.16609704494
2024-07-24,144071.51727569103
2024-07-25,143278.87186467648
2024-07-26,143473.08563911915
2024-07-29,144095.9658945799
2024-07-30,143680.80435812473
2024-07-31,143942.13495624065
2024-08-01,142139.91483843327
2024-08-02,139146.6966546774
2024-08-05,135038.45420396328
2024-08-06,135890.86249005795
2024-08-07,138264.70587050915
2024-08-08,135593.17849433422
2024-08-09,136792.16168487072
2024-08-12,137002.48650372028
2024-08-13,137360.00787770748
2024-08-14,137082.08898198605
2024-08-15,139175.3082472086
2024-08-16,139224.16375386715
2024-08-19,139183.32485830784
2024-08-20,138615.30987775326
2024-08-21,138271.313459754
2024-08-22,138946.56441771984
2024-08-23,140718.5765746832
2024-08-26,140435.3018914461
2024-08-27,139987.4047256708
2024-08-28,140304.63259541988
2024-08-29,140793.03045737743
2024-08-30,141017.6553992033
2024-09-02,140006.34217178822
2024-09-03,138510.39937889576
2024-09-04,137310.0031582117
2024-09-05,136090.6980704069
2024-09-06,135357.60634481907
2024-09-09,135970.80574715137
2024-09-10,136341.22141826153
2024-09-11,135402.7412608862
2024-09-12,134852.40439260006
2024-09-13,135127.3853212595
2024-09-16,135263.3547347784
2024-09-17,135783.25186741352
2024-09-18,134566.6488262415
2024-09-19,135965.12220799923
2024-09-20,133965.43711698055
2024-09-23,133559.99554765224
2024-09-24,132465.15539467335
2024-09-25,133714.61758744717
2024-09-26,135109.67979323864
2024-09-27,134993.01726353168
2024-09-30,134926.8872615099
2024-10-01,134733.38972198963
2024-10-02,135993.6587780714
2024-10-03,135743.4414602518
2024-10-04,135921.45449864864
2024-10-07,135214.45187866688
2024-10-08,133775.76182568073
2024-10-09,134396.11147677898
2024-10-10,133612.7889279127
2024-10-11,133653.77090537548
2024-10-14,134982.09005963802
2024-10-15,134306.55046975613
2024-10-16,134304.4369045496
2024-10-17,134534.2946420908
2024-10-18,134732.1672617197
2024-10-21,133498.80323302746
2024-10-22,133484.5295265913
2024-10-23,133104.82831323147
2024-10-24,130471.4418040514
2024-10-25,131007.30057156086
2024-10-28,131689.44310605526
2024-10-29,131790.08811080456
2024-10-30,129113.56305062771
2024-10-31,127774.0812381506
2024-11-01,128278.0366140604
2024-11-04,128888.71406710148
2024-11-05,125761.54406774044
2024-11-06,126078.22386801243
2024-11-07,126431.93544065952
2024-11-08,126446.02120292187
2024-11-11,127229.52681362629
2024-11-12,125332.23856532574
2024-11-13,124750.64516985416
2024-11-14,125609.75626313686
2024-11-15,123706.75680196285
2024-11-18,122908.66361606121
2024-11-19,122082.67871201038
2024-11-20,121946.57229983807
2024-11-21,122024.44212853909
2024-11-22,123838.98128044605
2024-11-25,125403.80166614056
2024-11-26,126186.38288986683
2024-11-27,126660.3547462225
2024-11-28,127239.85055625439
2024-11-29,128393.15656459332
2024-12-02,130207.15145766735
2024-12-03,131714.50441372395
2024-12-04,132320.31556546688
2024-12-05,132400.68707454205
2024-12-06,133645.13322627544
2024-12-09,134367.01593005657
2024-12-10,134010.81409442425
2024-12-11,135970.85127484798
2024-12-12,136069.90699756145
2024-12-13,135049.16780889034
2024-12-16,138445.57149851322
2024-12-17,138695.43470299244
2024-12-18,136633.3290888071
2024-12-19,133009.11053287983
2024-12-20,133310.41407597065
2024-12-23,132316.26018750668
2024-12-27,133025.04148972034
2024-12-30,132604.21032130718
2025-01-02,135758.52664768696
2025-01-03,136253.42935335636
2025-01-07,136763.59653913975
2025-01-08,135634.393758893
2025-01-09,135767.3568469286
2025-01-10,136409.99061119556
2025-01-13,135999.92007029057
2025-01-14,135863.05182349682
2025-01-15,136982.29859554768
2025-01-16,137973.33690202236
2025-01-17,138058.47214448452
2025-01-20,137725.03802382946
2025-01-21,139825.51479566097
2025-01-22,139627.56773889065
2025-01-23,140106.94162237644
2025-01-24,140378.5900183916
2025-01-27,142180.407458663
2025-01-28,141638.01913297176
2025-01-29,141965.31924569607
2025-01-30,142124.43257677555
2025-01-31,143276.28624761105
2025-02-03,141804.5857809782
2025-02-04,140721.33933079243
2025-02-05,141168.66472518444
2025-02-06,144321.36455357075
2025-02-07,141772.7679642439
2025-02-10,141847.55932295322
2025-02-11,140385.04508459568
2025-02-12,139799.32899987698
2025-02-13,141752.1380676031
2025-02-14,143976.98013532162
2025-02-17,145018.6251705885
2025-02-18,144639.35341537
2025-02-19,142207.34613358974
2025-02-20,142653.31532609463
2025-02-21,143294.47972762585
2025-02-24,143130.8811072111
2025-02-25,143627.59200036526
2025-02-26,144082.20673501492
2025-02-27,143868.49247777462
2025-02-28,144291.47190988064
2025-03-03,143860.60303390026
2025-03-04,140368.6093248129
2025-03-05,141198.29479539394
2025-03-06,141823.25945842266
2025-03-07,140454.5321968794
2025-03-10,138687.803008914
2025-03-11,134892.1740964651
2025-03-12,135395.9369572401
2025-03-13,135944.771343112
2025-03-14,138380.87484014034
2025-03-17,138000.80968558788
2025-03-18,139370.343608737
2025-03-19,138659.75507724285
2025-03-20,138096.50150191784
2025-03-21,136376.29610574245
2025-03-24,135965.79635703564
2025-03-25,135759.2921527624
2025-03-26,134074.75913274288
2025-03-27,134135.83108079433
2025-03-28,133572.08707654476
2025-03-31,131574.8075889349
2025-04-01,132495.98961246014
2025-04-02,131839.76954686642
2025-04-03,130136.13659465313
2025-04-04,126215.05546939373
2025-04-07,119761.91624367237
2025-04-08,122188.8567199707
2025-04-09,116595.89779496193
2025-04-10,121724.15266859531
2025-04-11,121464.60492753983
2025-04-14,124630.01317381859
2025-04-15,126745.85320270061
2025-04-16,125672.78173172474
2025-04-17,123872.9610530138
2025-04-22,123955.0866600275
2025-04-23,126322.79655563831
2025-04-24,127313.49057114124
2025-04-25,128733.52263009548
2025-04-28,129816.42484176159
2025-04-29,131385.73460495472
2025-04-30,134106.61683881283
2025-05-02,133591.35059964657
2025-05-05,132397.08496582508
2025-05-06,131016.54884755611
2025-05-07,127559.72972524166
2025-05-08,128559.77680671215
2025-05-09,128723.77426183224
2025-05-12,130362.57668101788
2025-05-13,130997.46478641033
2025-05-14,130485.25619113445
2025-05-15,131710.1444271803
2025-05-16,131799.15045773983
2025-05-19,131558.89016234875
2025-05-20,132127.02311837673
2025-05-21,132933.38445818424
2025-05-22,131715.49508178234
2025-05-23,130964.09643828869
2025-05-26,132025.20701611042
2025-05-27,132716.86530172825
2025-05-28,131109.17309844494
2025-05-30,131708.68003499508
2025-06-02,131554.3716148138
2025-06-03,132846.97748291492
2025-06-04,134947.13358557224
2025-06-05,136999.12990653515
2025-06-09,138165.83056032658
2025-06-10,138359.5407770872
2025-06-11,138202.8686798811
2025-06-12,138401.53717410564
2025-06-13,135958.77363717556
2025-06-16,137232.72521674633
2025-06-17,136485.46023595333
2025-06-18,136112.2363821268
2025-06-19,135829.77431356907
2025-06-23,133967.9560416937
2025-06-24,134964.13950526714
2025-06-25,134498.90853250027
2025-06-26,135291.1354507208
2025-06-27,136414.65740573406
2025-06-30,137400.83415591717
2025-07-01,137212.06996953487
2025-07-02,137780.8321994543
2025-07-03,137630.4097236395
2025-07-04,137782.95487248898
2025-07-07,136382.05467689037
2025-07-08,136746.36439311504
2025-07-09,137085.76451194286
2025-07-10,138763.7577446699
2025-07-11,137624.85424745083
2025-07-14,137912.04659974575
2025-07-15,138411.97992503643
2025-07-16,137076.4460195303
2025-07-17,137057.86995637417
2025-07-18,136813.05048501492
2025-07-21,136781.83481824398
2025-07-22,137261.34339511395
2025-07-23,140486.70359790325
2025-07-24,141168.73621737957
2025-07-25,141575.4116653204
2025-07-28,140644.9182151556
2025-07-29,141611.80018556118
2025-07-30,141267.49672567844
2025-07-31,139675.63844525814
2025-08-01,137843.76308453083
2025-08-04,137818.52278411388
2025-08-05,139255.953420043
2025-08-06,138062.3744291067
2025-08-07,136923.7106500864
2025-08-08,137250.48983848095
2025-08-11,136285.69042432308
2025-08-12,136318.2611874342
2025-08-13,138071.38633310795
2025-08-14,137479.65551912785
2025-08-15,137957.54321706295
2025-08-18,138452.52403724194
2025-08-19,140271.2129560709
2025-08-20,140958.52247822285
2025-08-21,141526.68130218983
2025-08-22,142006.43245851994
2025-08-25,141310.2334421873
2025-08-26,140208.5878840685
2025-08-27,139932.96976077557
2025-08-28,139018.2475026846
2025-08-29,138567.42477738857
2025-09-01,138438.60738813877
2025-09-02,135620.85728490353
2025-09-03,136952.30466997623
2025-09-04,136797.81631934643
2025-09-05,140436.80722272396
2025-09-08,142478.92373788357
2025-09-09,142046.21034109592
2025-09-10,142265.07074677944
2025-09-11,141132.72292220592
2025-09-12,142387.48931491375
2025-09-15,142726.26410377026
